date_he,forecast_price,actual_price,forecast_ail,actual_ail,ail_diff
2022-11-01 01:00:00,69.92,68.27,9317,9319,-2
2022-11-01 02:00:00,66.19,66.24,9243,9206,37
2022-11-01 03:00:00,64.99,67.58,9140,9118,22
2022-11-01 04:00:00,67.81,91.73,9112,9092,20
2022-11-01 05:00:00,99.33,118.89,9113,9091,22
2022-11-01 06:00:00,104.11,121.03,9221,9288,-67
2022-11-01 07:00:00,97.81,121.68,9623,9701,-78
2022-11-01 08:00:00,298.02,155.76,10157,10128,29
2022-11-01 09:00:00,187.25,145.0,10259,10300,-41
2022-11-01 10:00:00,178.93,274.58,10289,10367,-78
2022-11-01 11:00:00,201.2,215.07,10297,10267,30
2022-11-01 12:00:00,133.33,166.44,10241,10257,-16
2022-11-01 13:00:00,167.4,162.28,10263,10282,-19
2022-11-01 14:00:00,187.25,197.89,10316,10342,-26
2022-11-01 15:00:00,187.25,265.66,10309,10253,56
2022-11-01 16:00:00,615.22,500.0,10231,10203,28
2022-11-01 17:00:00,620.47,508.9,10290,10255,35
2022-11-01 18:00:00,615.22,609.85,10285,10355,-70
2022-11-01 19:00:00,677.95,609.16,10458,10373,85
2022-11-01 20:00:00,513.31,504.63,10280,10263,17
2022-11-01 21:00:00,311.48,228.31,10147,10090,57
2022-11-01 22:00:00,105.76,82.4,9943,10017,-74
2022-11-01 23:00:00,79.88,72.57,9831,9866,-35
2022-11-02 00:00:00,77.95,78.44,9617,9608,9
2022-11-02 01:00:00,79.1,84.03,9465,9467,-2
2022-11-02 02:00:00,94.31,76.02,9399,9439,-40
2022-11-02 03:00:00,75.21,75.26,9384,9384,0
2022-11-02 04:00:00,75.15,74.86,9384,9361,23
2022-11-02 05:00:00,75.19,75.06,9417,9398,19
2022-11-02 06:00:00,78.25,84.12,9547,9547,0
2022-11-02 07:00:00,148.55,86.55,9879,9925,-46
2022-11-02 08:00:00,98.56,83.19,10304,10335,-31
2022-11-02 09:00:00,75.18,77.56,10443,10532,-89
2022-11-02 10:00:00,91.3,111.72,10512,10590,-78
2022-11-02 11:00:00,94.61,96.96,10623,10700,-77
2022-11-02 12:00:00,93.01,94.12,10362,10749,-387
2022-11-02 13:00:00,483.05,80.0,10684,10771,-87
2022-11-02 14:00:00,74.44,75.79,10771,10766,5
2022-11-02 15:00:00,75.76,81.62,10729,10704,25
2022-11-02 16:00:00,85.26,462.17,10721,10663,58
2022-11-02 17:00:00,518.18,489.73,10698,10637,61
2022-11-02 18:00:00,91.16,213.85,10661,10691,-30
2022-11-02 19:00:00,164.63,480.19,10804,10738,66
2022-11-02 20:00:00,553.29,534.53,10675,10661,14
2022-11-02 21:00:00,744.2,624.86,10509,10426,83
2022-11-02 22:00:00,307.36,188.87,10212,10250,-38
2022-11-02 23:00:00,73.32,107.4,10074,10064,10
2022-11-03 00:00:00,79.21,77.19,9861,9863,-2
2022-11-03 01:00:00,84.77,79.91,9700,9637,63
2022-11-03 02:00:00,78.39,80.37,9550,9536,14
2022-11-03 03:00:00,212.92,124.51,9501,9506,-5
2022-11-03 04:00:00,142.92,140.58,9512,9448,64
2022-11-03 05:00:00,151.46,169.83,9515,9431,84
2022-11-03 06:00:00,729.2,676.94,9571,9531,40
2022-11-03 07:00:00,687.45,771.63,9829,9873,-44
2022-11-03 08:00:00,589.88,737.52,10279,10346,-67
2022-11-03 09:00:00,775.22,791.47,10528,10551,-23
2022-11-03 10:00:00,96.92,335.63,10540,10513,27
2022-11-03 11:00:00,95.01,81.31,10522,10552,-30
2022-11-03 12:00:00,63.45,59.38,10553,10635,-82
2022-11-03 13:00:00,56.41,55.18,10625,10699,-74
2022-11-03 14:00:00,56.83,52.04,10678,10672,6
2022-11-03 15:00:00,54.61,47.83,10641,10663,-22
2022-11-03 16:00:00,45.38,45.02,10664,10678,-14
2022-11-03 17:00:00,44.47,46.14,10758,10716,42
2022-11-03 18:00:00,56.46,64.9,10736,10736,0
2022-11-03 19:00:00,78.19,77.69,10848,10880,-32
2022-11-03 20:00:00,77.94,75.88,10844,10837,7
2022-11-03 21:00:00,63.46,72.21,10713,10720,-7
2022-11-03 22:00:00,69.62,74.45,10517,10567,-50
2022-11-03 23:00:00,57.55,58.8,10310,10242,68
2022-11-04 00:00:00,61.42,61.97,10004,9982,22
2022-11-04 01:00:00,60.79,60.48,9819,9799,20
2022-11-04 02:00:00,71.35,64.2,9703,9658,45
2022-11-04 03:00:00,55.09,55.09,9564,9546,18
2022-11-04 04:00:00,60.0,68.73,9552,9582,-30
2022-11-04 05:00:00,54.83,55.17,9629,9607,22
2022-11-04 06:00:00,58.11,56.48,9729,9743,-14
2022-11-04 07:00:00,72.67,74.84,10060,10097,-37
2022-11-04 08:00:00,63.12,71.61,10450,10541,-91
2022-11-04 09:00:00,80.0,79.5,10720,10731,-11
2022-11-04 10:00:00,74.89,64.43,10727,10729,-2
2022-11-04 11:00:00,53.15,51.58,10707,10765,-58
2022-11-04 12:00:00,36.63,44.45,10697,10700,-3
2022-11-04 13:00:00,48.04,53.66,10640,10620,20
2022-11-04 14:00:00,34.69,49.4,10585,10576,9
2022-11-04 15:00:00,58.64,74.75,10506,10527,-21
2022-11-04 16:00:00,78.88,88.14,10453,10479,-26
2022-11-04 17:00:00,89.65,85.43,10532,10557,-25
2022-11-04 18:00:00,77.76,79.58,10600,10637,-37
2022-11-04 19:00:00,79.75,77.09,10728,10745,-17
2022-11-04 20:00:00,75.35,80.79,10685,10682,3
2022-11-04 21:00:00,89.91,77.36,10547,10479,68
2022-11-04 22:00:00,78.26,78.13,10307,10302,5
2022-11-04 23:00:00,56.31,57.88,10111,10090,21
2022-11-05 00:00:00,54.37,57.59,9880,9856,24
2022-11-05 01:00:00,54.41,62.08,9682,9681,1
2022-11-05 02:00:00,57.11,63.23,9556,9542,14
2022-11-05 03:00:00,67.06,71.33,9486,9458,28
2022-11-05 04:00:00,87.65,133.59,9442,9442,0
2022-11-05 05:00:00,192.19,143.92,9475,9383,92
2022-11-05 06:00:00,87.65,65.62,9421,9502,-81
2022-11-05 07:00:00,23.26,34.62,9621,9664,-43
2022-11-05 08:00:00,36.49,42.11,9828,9868,-40
2022-11-05 09:00:00,53.56,53.88,10077,10159,-82
2022-11-05 10:00:00,71.4,69.55,10295,10319,-24
2022-11-05 11:00:00,70.97,67.45,10407,10486,-79
2022-11-05 12:00:00,57.27,57.37,10571,10566,5
2022-11-05 13:00:00,54.32,55.23,10565,10603,-38
2022-11-05 14:00:00,52.28,49.34,10591,10591,0
2022-11-05 15:00:00,46.05,48.37,10582,10586,-4
2022-11-05 16:00:00,48.78,51.37,10620,10610,10
2022-11-05 17:00:00,56.02,55.82,10699,10656,43
2022-11-05 18:00:00,68.51,66.4,10767,10800,-33
2022-11-05 19:00:00,70.47,64.43,10888,10842,46
2022-11-05 20:00:00,55.17,57.65,10749,10755,-6
2022-11-05 21:00:00,54.75,54.51,10627,10625,2
2022-11-05 22:00:00,55.33,55.42,10485,10474,11
2022-11-05 23:00:00,57.2,56.68,10324,10286,38
2022-11-06 00:00:00,54.22,55.98,10074,10036,38
2022-11-06 01:00:00,57.87,57.98,9869,9834,35
2022-11-06 02:00:00,53.07,54.11,9730,9705,25
2022-11-06 03:00:00,53.07,53.74,9651,9552,99
2022-11-06 04:00:00,54.11,55.0,9531,9541,-10
2022-11-06 05:00:00,54.22,57.31,9547,9544,3
2022-11-06 06:00:00,71.45,70.18,9643,9662,-19
2022-11-06 07:00:00,70.86,71.25,9753,9816,-63
2022-11-06 08:00:00,207.52,196.72,9943,9951,-8
2022-11-06 09:00:00,72.42,203.09,10049,10084,-35
2022-11-06 10:00:00,235.11,167.26,10252,10186,66
2022-11-06 11:00:00,75.1,153.92,10315,10357,-42
2022-11-06 12:00:00,73.82,88.36,10424,10522,-98
2022-11-06 13:00:00,139.05,78.43,10557,10565,-8
2022-11-06 14:00:00,74.6,74.24,10561,10564,-3
2022-11-06 15:00:00,74.78,108.25,10566,10572,-6
2022-11-06 16:00:00,114.31,183.5,10626,10497,129
2022-11-06 17:00:00,305.9,323.06,10687,10591,96
2022-11-06 18:00:00,885.5,396.94,10799,10883,-84
2022-11-06 19:00:00,317.87,260.96,10808,10741,67
2022-11-06 20:00:00,75.28,162.83,10596,10691,-95
2022-11-06 21:00:00,282.74,187.04,10618,10542,76
2022-11-06 22:00:00,203.96,157.0,10419,10293,126
2022-11-06 23:00:00,142.81,97.0,10040,10070,-30
2022-11-07 00:00:00,175.97,132.27,9890,9828,62
2022-11-07 01:00:00,350.2,144.16,9697,9726,-29
2022-11-07 02:00:00,198.46,175.54,9674,9642,32
2022-11-07 03:00:00,72.05,92.49,9639,9668,-29
2022-11-07 04:00:00,71.89,71.64,9675,9695,-20
2022-11-07 05:00:00,71.48,70.62,9741,9719,22
2022-11-07 06:00:00,71.26,75.76,9865,9915,-50
2022-11-07 07:00:00,239.33,160.31,10270,10312,-42
2022-11-07 08:00:00,219.21,192.64,10674,10660,14
2022-11-07 09:00:00,90.35,75.7,10706,10700,6
2022-11-07 10:00:00,73.54,75.11,10795,10835,-40
2022-11-07 11:00:00,76.18,75.0,10903,10981,-78
2022-11-07 12:00:00,73.99,72.09,11013,10983,30
2022-11-07 13:00:00,71.31,72.49,10990,11007,-17
2022-11-07 14:00:00,71.8,99.05,11004,11005,-1
2022-11-07 15:00:00,81.63,361.85,10948,10887,61
2022-11-07 16:00:00,101.32,147.5,10861,10905,-44
2022-11-07 17:00:00,703.67,779.63,11104,11079,25
2022-11-07 18:00:00,909.61,919.05,11237,11335,-98
2022-11-07 19:00:00,907.53,866.96,11208,11219,-11
2022-11-07 20:00:00,856.13,729.83,11104,11063,41
2022-11-07 21:00:00,668.19,661.63,10917,10845,72
2022-11-07 22:00:00,627.09,493.2,10636,10587,49
2022-11-07 23:00:00,73.59,78.35,10324,10387,-63
2022-11-08 00:00:00,275.56,107.22,10166,10240,-74
2022-11-08 01:00:00,102.43,88.17,10111,10079,32
2022-11-08 02:00:00,100.39,89.85,10002,9992,10
2022-11-08 03:00:00,84.31,83.01,9935,9913,22
2022-11-08 04:00:00,80.79,83.78,9881,9904,-23
2022-11-08 05:00:00,102.41,96.84,9947,9935,12
2022-11-08 06:00:00,451.34,301.23,10079,10084,-5
2022-11-08 07:00:00,729.23,754.88,10329,10356,-27
2022-11-08 08:00:00,852.8,787.15,10720,10702,18
2022-11-08 09:00:00,733.82,666.45,10765,10759,6
2022-11-08 10:00:00,129.17,105.96,10795,10837,-42
2022-11-08 11:00:00,102.18,154.05,10884,10988,-104
2022-11-08 12:00:00,703.13,448.85,11018,10859,159
2022-11-08 13:00:00,102.87,504.61,10760,10798,-38
2022-11-08 14:00:00,663.1,721.48,10795,10798,-3
2022-11-08 15:00:00,205.33,284.87,10786,10801,-15
2022-11-08 16:00:00,783.51,826.04,10891,10874,17
2022-11-08 17:00:00,950.42,963.48,11044,11017,27
2022-11-08 18:00:00,996.0,999.32,11167,11278,-111
2022-11-08 19:00:00,999.99,999.73,11208,11172,36
2022-11-08 20:00:00,974.58,959.04,11023,10970,53
2022-11-08 21:00:00,922.59,922.16,10859,10791,68
2022-11-08 22:00:00,778.74,775.3,10610,10622,-12
2022-11-08 23:00:00,751.16,748.02,10394,10360,34
2022-11-09 00:00:00,839.1,762.05,10161,10122,39
2022-11-09 01:00:00,734.56,733.54,9990,9961,29
2022-11-09 02:00:00,603.5,350.15,9916,9883,33
2022-11-09 03:00:00,323.37,350.15,9832,9869,-37
2022-11-09 04:00:00,350.15,350.15,9872,9874,-2
2022-11-09 05:00:00,476.82,400.82,9939,9891,48
2022-11-09 06:00:00,768.24,755.36,10042,10091,-49
2022-11-09 07:00:00,910.41,887.95,10419,10492,-73
2022-11-09 08:00:00,879.43,874.77,10840,10861,-21
2022-11-09 09:00:00,895.66,908.84,10940,10932,8
2022-11-09 10:00:00,852.12,773.88,10940,10969,-29
2022-11-09 11:00:00,792.35,780.64,11009,10974,35
2022-11-09 12:00:00,774.33,741.12,10954,10928,26
2022-11-09 13:00:00,725.63,724.4,10871,10825,46
2022-11-09 14:00:00,751.99,754.02,10803,10813,-10
2022-11-09 15:00:00,792.55,756.05,10805,10765,40
2022-11-09 16:00:00,803.94,786.18,10805,10810,-5
2022-11-09 17:00:00,846.21,874.17,11013,11005,8
2022-11-09 18:00:00,983.96,991.85,11160,11257,-97
2022-11-09 19:00:00,986.06,980.16,11166,11158,8
2022-11-09 20:00:00,963.26,831.94,11058,10975,83
2022-11-09 21:00:00,744.25,770.59,10839,10821,18
2022-11-09 22:00:00,712.74,588.07,10655,10625,30
2022-11-09 23:00:00,539.29,219.59,10413,10367,46
2022-11-10 00:00:00,710.93,325.68,10179,10170,9
2022-11-10 01:00:00,313.66,156.51,10035,10061,-26
2022-11-10 02:00:00,100.49,103.92,9983,10021,-38
2022-11-10 03:00:00,91.1,97.65,9978,10024,-46
2022-11-10 04:00:00,79.99,80.99,9998,9974,24
2022-11-10 05:00:00,81.11,88.68,10024,10092,-68
2022-11-10 06:00:00,114.1,248.65,10222,10265,-43
2022-11-10 07:00:00,618.97,447.97,10511,10564,-53
2022-11-10 08:00:00,751.93,732.7,10883,10887,-4
2022-11-10 09:00:00,698.69,357.52,10965,10953,12
2022-11-10 10:00:00,100.28,99.15,10964,11060,-96
2022-11-10 11:00:00,95.05,94.49,11081,11099,-18
2022-11-10 12:00:00,83.72,85.97,11069,11056,13
2022-11-10 13:00:00,79.36,74.83,10975,10990,-15
2022-11-10 14:00:00,65.19,65.45,10943,10920,23
2022-11-10 15:00:00,62.19,60.73,10881,10922,-41
2022-11-10 16:00:00,52.9,61.43,10957,10970,-13
2022-11-10 17:00:00,82.27,78.74,11127,11074,53
2022-11-10 18:00:00,87.78,85.77,11188,11252,-64
2022-11-10 19:00:00,84.94,81.07,11154,11141,13
2022-11-10 20:00:00,78.28,79.81,11039,11074,-35
2022-11-10 21:00:00,78.42,79.26,10963,10999,-36
2022-11-10 22:00:00,77.91,79.68,10799,10806,-7
2022-11-10 23:00:00,68.93,66.46,10566,10506,60
2022-11-11 00:00:00,77.17,79.07,10286,10259,27
2022-11-11 01:00:00,76.71,78.96,10103,10042,61
2022-11-11 02:00:00,78.18,80.44,9974,9990,-16
2022-11-11 03:00:00,79.67,81.72,9946,9961,-15
2022-11-11 04:00:00,91.95,92.76,9935,9946,-11
2022-11-11 05:00:00,92.8,93.13,9971,9978,-7
2022-11-11 06:00:00,107.05,95.53,10064,10042,22
2022-11-11 07:00:00,91.66,96.18,10150,10251,-101
2022-11-11 08:00:00,79.26,91.23,10432,10415,17
2022-11-11 09:00:00,88.21,85.77,10531,10496,35
2022-11-11 10:00:00,84.83,75.91,10547,10582,-35
2022-11-11 11:00:00,86.14,75.62,10688,10591,97
2022-11-11 12:00:00,73.94,81.2,10541,10526,15
2022-11-11 13:00:00,78.07,86.02,10517,10527,-10
2022-11-11 14:00:00,87.15,77.48,10467,10429,38
2022-11-11 15:00:00,73.8,78.79,10418,10347,71
2022-11-11 16:00:00,74.32,87.48,10378,10408,-30
2022-11-11 17:00:00,102.3,259.96,10632,10621,11
2022-11-11 18:00:00,138.66,222.27,10831,10875,-44
2022-11-11 19:00:00,92.51,96.83,10786,10826,-40
2022-11-11 20:00:00,100.27,92.65,10734,10773,-39
2022-11-11 21:00:00,91.51,90.72,10630,10626,4
2022-11-11 22:00:00,98.11,91.47,10492,10450,42
2022-11-11 23:00:00,88.5,85.86,10302,10226,76
2022-11-12 00:00:00,562.53,102.02,10041,10013,28
2022-11-12 01:00:00,88.64,92.47,9851,9839,12
2022-11-12 02:00:00,85.88,84.15,9754,9704,50
2022-11-12 03:00:00,80.01,76.31,9632,9639,-7
2022-11-12 04:00:00,73.82,78.6,9611,9623,-12
2022-11-12 05:00:00,85.0,84.49,9635,9626,9
2022-11-12 06:00:00,90.95,99.37,9640,9696,-56
2022-11-12 07:00:00,104.58,103.56,9780,9804,-24
2022-11-12 08:00:00,90.89,99.7,9980,9989,-9
2022-11-12 09:00:00,97.26,98.06,10145,10121,24
2022-11-12 10:00:00,522.86,197.58,10244,10249,-5
2022-11-12 11:00:00,92.66,121.73,10292,10327,-35
2022-11-12 12:00:00,596.59,281.32,10351,10274,77
2022-11-12 13:00:00,106.88,114.04,10267,10276,-9
2022-11-12 14:00:00,92.77,100.81,10243,10266,-23
2022-11-12 15:00:00,105.29,220.5,10243,10186,57
2022-11-12 16:00:00,347.87,345.05,10206,10162,44
2022-11-12 17:00:00,509.8,498.7,10352,10328,24
2022-11-12 18:00:00,594.72,582.86,10546,10642,-96
2022-11-12 19:00:00,501.36,344.34,10549,10533,16
2022-11-12 20:00:00,255.84,468.69,10403,10440,-37
2022-11-12 21:00:00,149.01,193.0,10326,10296,30
2022-11-12 22:00:00,256.75,108.89,10181,10180,1
2022-11-12 23:00:00,87.26,87.94,10011,9980,31
2022-11-13 00:00:00,597.74,395.78,9774,9724,50
2022-11-13 01:00:00,109.03,218.56,9582,9580,2
2022-11-13 02:00:00,486.96,286.16,9448,9453,-5
2022-11-13 03:00:00,299.74,264.38,9375,9348,27
2022-11-13 04:00:00,115.0,321.9,9336,9388,-52
2022-11-13 05:00:00,198.34,301.95,9397,9417,-20
2022-11-13 06:00:00,555.0,534.21,9455,9444,11
2022-11-13 07:00:00,398.96,481.97,9528,9568,-40
2022-11-13 08:00:00,406.25,425.01,9760,9741,19
2022-11-13 09:00:00,492.08,233.4,9878,9851,27
2022-11-13 10:00:00,349.18,96.89,9974,10055,-81
2022-11-13 11:00:00,80.4,88.77,10131,10234,-103
2022-11-13 12:00:00,85.9,87.77,10297,10243,54
2022-11-13 13:00:00,91.45,91.18,10262,10242,20
2022-11-13 14:00:00,99.96,91.78,10230,10246,-16
2022-11-13 15:00:00,89.22,85.24,10257,10250,7
2022-11-13 16:00:00,89.88,100.14,10312,10299,13
2022-11-13 17:00:00,487.31,249.37,10525,10457,68
2022-11-13 18:00:00,573.72,674.12,10674,10730,-56
2022-11-13 19:00:00,371.88,250.12,10612,10597,15
2022-11-13 20:00:00,94.98,95.47,10496,10538,-42
2022-11-13 21:00:00,83.05,84.76,10407,10373,34
2022-11-13 22:00:00,85.91,80.69,10219,10242,-23
2022-11-13 23:00:00,66.31,63.62,10009,9982,27
2022-11-14 00:00:00,60.59,56.13,9746,9736,10
2022-11-14 01:00:00,49.77,56.85,9583,9572,11
2022-11-14 02:00:00,69.42,71.13,9496,9489,7
2022-11-14 03:00:00,70.78,77.36,9441,9459,-18
2022-11-14 04:00:00,76.66,81.4,9441,9454,-13
2022-11-14 05:00:00,81.93,85.37,9472,9540,-68
2022-11-14 06:00:00,79.12,81.69,9673,9698,-25
2022-11-14 07:00:00,77.96,69.79,10063,10035,28
2022-11-14 08:00:00,68.26,71.7,10448,10418,30
2022-11-14 09:00:00,92.26,79.01,10513,10592,-79
2022-11-14 10:00:00,62.67,58.56,10660,10700,-40
2022-11-14 11:00:00,70.69,60.33,10718,10675,43
2022-11-14 12:00:00,63.01,73.8,10661,10683,-22
2022-11-14 13:00:00,77.94,77.86,10696,10654,42
2022-11-14 14:00:00,77.74,78.21,10659,10666,-7
2022-11-14 15:00:00,83.51,85.34,10673,10642,31
2022-11-14 16:00:00,88.9,294.28,10672,10630,42
2022-11-14 17:00:00,204.42,659.62,10779,10758,21
2022-11-14 18:00:00,817.19,895.44,10861,10959,-98
2022-11-14 19:00:00,807.11,808.65,10803,10757,46
2022-11-14 20:00:00,715.44,606.49,10652,10596,56
2022-11-14 21:00:00,409.94,307.98,10426,10450,-24
2022-11-14 22:00:00,200.84,243.38,10241,10268,-27
2022-11-14 23:00:00,121.88,115.0,10078,10050,28
2022-11-15 00:00:00,243.0,209.88,9800,9769,31
2022-11-15 01:00:00,241.25,258.69,9613,9539,74
2022-11-15 02:00:00,405.51,294.75,9469,9451,18
2022-11-15 03:00:00,191.5,156.69,9388,9379,9
2022-11-15 04:00:00,105.66,92.15,9383,9413,-30
2022-11-15 05:00:00,88.57,80.43,9454,9448,6
2022-11-15 06:00:00,83.73,82.03,9581,9590,-9
2022-11-15 07:00:00,189.42,138.65,9913,9966,-53
2022-11-15 08:00:00,83.89,81.76,10357,10371,-14
2022-11-15 09:00:00,85.44,81.76,10470,10512,-42
2022-11-15 10:00:00,81.03,78.19,10515,10502,13
2022-11-15 11:00:00,77.88,65.47,10516,10570,-54
2022-11-15 12:00:00,81.21,76.95,10544,10541,3
2022-11-15 13:00:00,81.69,83.34,10482,10400,82
2022-11-15 14:00:00,85.12,73.33,10403,10460,-57
2022-11-15 15:00:00,61.31,65.36,10497,10518,-21
2022-11-15 16:00:00,57.78,80.62,10548,10502,46
2022-11-15 17:00:00,81.51,83.82,10645,10674,-29
2022-11-15 18:00:00,85.06,85.08,10837,10980,-143
2022-11-15 19:00:00,84.81,84.1,10845,10801,44
2022-11-15 20:00:00,82.29,81.74,10677,10633,44
2022-11-15 21:00:00,77.7,78.16,10499,10471,28
2022-11-15 22:00:00,79.58,81.26,10280,10249,31
2022-11-15 23:00:00,69.53,76.99,9993,9947,46
2022-11-16 00:00:00,77.78,79.0,9706,9666,40
2022-11-16 01:00:00,91.11,110.69,9481,9459,22
2022-11-16 02:00:00,324.93,279.01,9396,9337,59
2022-11-16 03:00:00,240.22,129.63,9285,9224,61
2022-11-16 04:00:00,103.92,97.48,9231,9251,-20
2022-11-16 05:00:00,79.91,80.5,9300,9343,-43
2022-11-16 06:00:00,121.24,86.7,9509,9516,-7
2022-11-16 07:00:00,92.23,98.53,9885,9952,-67
2022-11-16 08:00:00,242.94,84.52,10391,10436,-45
2022-11-16 09:00:00,95.0,83.41,10543,10573,-30
2022-11-16 10:00:00,83.42,88.68,10602,10666,-64
2022-11-16 11:00:00,84.25,87.22,10715,10750,-35
2022-11-16 12:00:00,292.49,100.57,10751,10772,-21
2022-11-16 13:00:00,83.26,80.77,10764,10744,20
2022-11-16 14:00:00,59.16,59.58,10727,10733,-6
2022-11-16 15:00:00,80.18,81.95,10726,10757,-31
2022-11-16 16:00:00,92.38,454.23,10817,10829,-12
2022-11-16 17:00:00,257.18,609.81,10980,10967,13
2022-11-16 18:00:00,416.95,517.17,11124,11166,-42
2022-11-16 19:00:00,103.35,81.05,11035,11073,-38
2022-11-16 20:00:00,80.38,80.34,10978,11020,-42
2022-11-16 21:00:00,79.57,80.37,10889,10914,-25
2022-11-16 22:00:00,80.52,79.84,10708,10704,4
2022-11-16 23:00:00,81.08,77.67,10442,10416,26
2022-11-17 00:00:00,78.6,78.65,10157,10127,30
2022-11-17 01:00:00,72.2,71.91,9954,9936,18
2022-11-17 02:00:00,75.04,75.09,9860,9864,-4
2022-11-17 03:00:00,75.49,75.22,9800,9829,-29
2022-11-17 04:00:00,75.04,75.79,9831,9870,-39
2022-11-17 05:00:00,75.71,77.05,9929,9942,-13
2022-11-17 06:00:00,82.47,81.18,10097,10113,-16
2022-11-17 07:00:00,114.16,142.58,10436,10480,-44
2022-11-17 08:00:00,178.34,374.87,10847,10934,-87
2022-11-17 09:00:00,521.44,493.52,10982,10972,10
2022-11-17 10:00:00,95.0,90.33,10967,10984,-17
2022-11-17 11:00:00,70.31,99.02,11011,11042,-31
2022-11-17 12:00:00,413.5,300.24,11030,10962,68
2022-11-17 13:00:00,203.49,525.99,10889,10847,42
2022-11-17 14:00:00,102.59,211.94,10812,10871,-59
2022-11-17 15:00:00,219.99,214.11,10874,10897,-23
2022-11-17 16:00:00,386.09,542.77,10948,10921,27
2022-11-17 17:00:00,498.81,513.56,11054,10997,57
2022-11-17 18:00:00,630.43,601.35,11154,11239,-85
2022-11-17 19:00:00,479.59,284.18,11130,11094,36
2022-11-17 20:00:00,287.06,112.89,11003,11052,-49
2022-11-17 21:00:00,82.42,84.47,10922,10940,-18
2022-11-17 22:00:00,90.52,80.24,10751,10772,-21
2022-11-17 23:00:00,76.0,72.97,10516,10514,2
2022-11-18 00:00:00,77.71,75.15,10243,10225,18
2022-11-18 01:00:00,72.49,71.29,10058,10079,-21
2022-11-18 02:00:00,75.19,73.12,10019,10013,6
2022-11-18 03:00:00,74.38,72.64,9935,9936,-1
2022-11-18 04:00:00,72.13,74.33,9940,9917,23
2022-11-18 05:00:00,77.16,76.65,9948,9949,-1
2022-11-18 06:00:00,76.16,74.87,10051,10125,-74
2022-11-18 07:00:00,81.94,84.14,10442,10480,-38
2022-11-18 08:00:00,84.55,83.43,10863,10885,-22
2022-11-18 09:00:00,82.46,82.02,10964,10997,-33
2022-11-18 10:00:00,70.97,64.95,11019,10988,31
2022-11-18 11:00:00,65.09,70.97,10977,10994,-17
2022-11-18 12:00:00,65.09,73.57,10942,10970,-28
2022-11-18 13:00:00,71.68,75.02,10942,10873,69
2022-11-18 14:00:00,69.32,65.83,10824,10774,50
2022-11-18 15:00:00,65.75,72.67,10742,10709,33
2022-11-18 16:00:00,81.03,93.64,10739,10652,87
2022-11-18 17:00:00,286.65,361.98,10812,10794,18
2022-11-18 18:00:00,489.64,445.17,10902,10908,-6
2022-11-18 19:00:00,105.84,98.64,10771,10845,-74
2022-11-18 20:00:00,75.75,88.9,10775,10820,-45
2022-11-18 21:00:00,86.8,84.23,10707,10684,23
2022-11-18 22:00:00,81.67,83.25,10511,10436,75
2022-11-18 23:00:00,124.27,88.97,10216,10193,23
2022-11-19 00:00:00,333.8,171.24,9973,9894,79
2022-11-19 01:00:00,77.23,84.09,9731,9748,-17
2022-11-19 02:00:00,79.75,77.75,9669,9690,-21
2022-11-19 03:00:00,79.15,76.93,9633,9628,5
2022-11-19 04:00:00,76.05,72.57,9604,9614,-10
2022-11-19 05:00:00,70.97,65.4,9616,9664,-48
2022-11-19 06:00:00,68.62,65.4,9721,9759,-38
2022-11-19 07:00:00,70.04,65.4,9880,9924,-44
2022-11-19 08:00:00,62.37,60.89,10138,10156,-18
2022-11-19 09:00:00,70.04,63.43,10297,10251,46
2022-11-19 10:00:00,58.77,57.66,10333,10349,-16
2022-11-19 11:00:00,56.14,57.27,10416,10426,-10
2022-11-19 12:00:00,58.21,64.07,10445,10474,-29
2022-11-19 13:00:00,60.25,63.19,10426,10405,21
2022-11-19 14:00:00,64.43,66.8,10365,10348,17
2022-11-19 15:00:00,64.82,60.32,10299,10305,-6
2022-11-19 16:00:00,59.92,63.2,10326,10312,14
2022-11-19 17:00:00,71.27,74.33,10526,10542,-16
2022-11-19 18:00:00,78.04,77.6,10790,10834,-44
2022-11-19 19:00:00,77.4,77.35,10757,10745,12
2022-11-19 20:00:00,76.67,76.46,10577,10588,-11
2022-11-19 21:00:00,76.44,76.76,10454,10451,3
2022-11-19 22:00:00,76.51,75.99,10322,10317,5
2022-11-19 23:00:00,69.23,74.02,10160,10104,56
2022-11-20 00:00:00,71.1,73.68,9904,9869,35
2022-11-20 01:00:00,73.7,73.03,9729,9699,30
2022-11-20 02:00:00,71.77,70.72,9586,9596,-10
2022-11-20 03:00:00,73.11,73.14,9523,9501,22
2022-11-20 04:00:00,75.77,74.36,9478,9464,14
2022-11-20 05:00:00,73.24,68.08,9461,9460,1
2022-11-20 06:00:00,76.84,73.4,9521,9472,49
2022-11-20 07:00:00,73.41,71.85,9548,9586,-38
2022-11-20 08:00:00,62.42,70.46,9768,9793,-25
2022-11-20 09:00:00,77.04,73.92,9948,9916,32
2022-11-20 10:00:00,70.53,69.14,10044,9994,50
2022-11-20 11:00:00,78.73,76.17,10125,10078,47
2022-11-20 12:00:00,77.64,76.97,10121,10143,-22
2022-11-20 13:00:00,78.42,77.59,10179,10175,4
2022-11-20 14:00:00,78.91,77.47,10179,10151,28
2022-11-20 15:00:00,63.26,74.84,10148,10179,-31
2022-11-20 16:00:00,77.59,80.62,10250,10238,12
2022-11-20 17:00:00,93.6,96.86,10439,10472,-33
2022-11-20 18:00:00,410.0,142.41,10763,10677,86
2022-11-20 19:00:00,86.44,94.88,10520,10595,-75
2022-11-20 20:00:00,90.2,91.34,10500,10465,35
2022-11-20 21:00:00,109.38,93.29,10366,10372,-6
2022-11-20 22:00:00,93.74,88.92,10198,10177,21
2022-11-20 23:00:00,84.26,82.27,9951,9947,4
2022-11-21 00:00:00,77.27,79.46,9719,9699,20
2022-11-21 01:00:00,77.18,75.76,9550,9529,21
2022-11-21 02:00:00,71.56,70.88,9449,9486,-37
2022-11-21 03:00:00,73.11,70.87,9451,9448,3
2022-11-21 04:00:00,71.24,70.05,9440,9409,31
2022-11-21 05:00:00,65.33,65.65,9430,9448,-18
2022-11-21 06:00:00,70.16,70.74,9566,9578,-12
2022-11-21 07:00:00,77.98,77.05,9952,9998,-46
2022-11-21 08:00:00,81.19,82.79,10413,10467,-54
2022-11-21 09:00:00,89.74,90.41,10569,10545,24
2022-11-21 10:00:00,94.05,84.45,10549,10519,30
2022-11-21 11:00:00,85.26,76.18,10570,10563,7
2022-11-21 12:00:00,78.22,76.82,10537,10545,-8
2022-11-21 13:00:00,76.45,75.9,10534,10492,42
2022-11-21 14:00:00,76.18,76.74,10488,10447,41
2022-11-21 15:00:00,74.21,74.77,10425,10360,65
2022-11-21 16:00:00,75.88,80.87,10388,10426,-38
2022-11-21 17:00:00,84.34,88.78,10624,10748,-124
2022-11-21 18:00:00,100.29,99.14,10964,11024,-60
2022-11-21 19:00:00,79.01,78.91,10892,10872,20
2022-11-21 20:00:00,77.92,77.0,10731,10646,85
2022-11-21 21:00:00,71.93,70.26,10496,10490,6
2022-11-21 22:00:00,73.55,69.42,10288,10212,76
2022-11-21 23:00:00,67.29,64.03,9940,9890,50
2022-11-22 00:00:00,60.92,61.86,9619,9622,-3
2022-11-22 01:00:00,68.04,60.2,9485,9424,61
2022-11-22 02:00:00,68.07,67.37,9355,9366,-11
2022-11-22 03:00:00,59.24,61.71,9313,9335,-22
2022-11-22 04:00:00,63.24,67.62,9303,9301,2
2022-11-22 05:00:00,59.35,70.33,9332,9378,-46
2022-11-22 06:00:00,75.72,74.65,9522,9542,-20
2022-11-22 07:00:00,82.81,86.96,9917,9956,-39
2022-11-22 08:00:00,85.1,86.47,10364,10423,-59
2022-11-22 09:00:00,92.49,89.79,10522,10568,-46
2022-11-22 10:00:00,78.48,81.39,10585,10587,-2
2022-11-22 11:00:00,82.66,83.53,10596,10582,14
2022-11-22 12:00:00,80.0,83.19,10555,10569,-14
2022-11-22 13:00:00,80.91,84.25,10568,10584,-16
2022-11-22 14:00:00,88.76,87.24,10609,10602,7
2022-11-22 15:00:00,85.87,88.02,10579,10537,42
2022-11-22 16:00:00,80.66,84.49,10592,10561,31
2022-11-22 17:00:00,82.54,86.5,10719,10741,-22
2022-11-22 18:00:00,106.52,103.66,10930,10948,-18
2022-11-22 19:00:00,102.26,110.48,10819,10776,43
2022-11-22 20:00:00,96.59,94.01,10616,10605,11
2022-11-22 21:00:00,92.38,89.68,10489,10470,19
2022-11-22 22:00:00,89.24,86.21,10264,10263,1
2022-11-22 23:00:00,80.43,77.13,10005,9960,45
2022-11-23 00:00:00,73.24,65.94,9709,9631,78
2022-11-23 01:00:00,56.0,56.35,9447,9454,-7
2022-11-23 02:00:00,50.58,55.58,9377,9404,-27
2022-11-23 03:00:00,56.09,59.68,9332,9354,-22
2022-11-23 04:00:00,69.43,70.63,9328,9289,39
2022-11-23 05:00:00,76.09,76.52,9343,9345,-2
2022-11-23 06:00:00,79.68,82.26,9504,9538,-34
2022-11-23 07:00:00,92.15,102.64,9898,9934,-36
2022-11-23 08:00:00,104.19,234.8,10370,10374,-4
2022-11-23 09:00:00,504.36,388.17,10436,10333,103
2022-11-23 10:00:00,154.63,225.74,10331,10362,-31
2022-11-23 11:00:00,88.91,97.39,10371,10417,-46
2022-11-23 12:00:00,85.19,87.74,10416,10428,-12
2022-11-23 13:00:00,88.54,88.54,10444,10502,-58
2022-11-23 14:00:00,85.44,83.03,10515,10504,11
2022-11-23 15:00:00,71.64,76.41,10493,10500,-7
2022-11-23 16:00:00,71.6,78.57,10521,10550,-29
2022-11-23 17:00:00,81.68,91.03,10744,10813,-69
2022-11-23 18:00:00,301.84,98.6,11019,11028,-9
2022-11-23 19:00:00,90.36,90.03,10877,10866,11
2022-11-23 20:00:00,82.95,85.23,10749,10740,9
2022-11-23 21:00:00,83.02,79.74,10601,10591,10
2022-11-23 22:00:00,81.38,75.89,10393,10355,38
2022-11-23 23:00:00,74.79,73.34,10090,10022,68
2022-11-24 00:00:00,71.5,73.46,9776,9772,4
2022-11-24 01:00:00,78.79,73.39,9597,9566,31
2022-11-24 02:00:00,76.34,75.37,9487,9493,-6
2022-11-24 03:00:00,68.78,76.7,9431,9482,-51
2022-11-24 04:00:00,76.53,76.97,9469,9481,-12
2022-11-24 05:00:00,78.58,76.89,9517,9497,20
2022-11-24 06:00:00,72.65,70.49,9636,9618,18
2022-11-24 07:00:00,70.59,74.99,9944,9961,-17
2022-11-24 08:00:00,97.86,81.78,10378,10390,-12
2022-11-24 09:00:00,77.26,77.5,10491,10489,2
2022-11-24 10:00:00,77.05,78.83,10500,10515,-15
2022-11-24 11:00:00,77.34,77.46,10521,10569,-48
2022-11-24 12:00:00,77.67,79.2,10572,10550,22
2022-11-24 13:00:00,82.58,81.22,10531,10513,18
2022-11-24 14:00:00,79.11,78.69,10512,10553,-41
2022-11-24 15:00:00,78.23,78.47,10547,10502,45
2022-11-24 16:00:00,76.9,79.03,10493,10572,-79
2022-11-24 17:00:00,101.4,123.73,10767,10687,80
2022-11-24 18:00:00,194.99,112.01,10844,10824,20
2022-11-24 19:00:00,102.68,102.84,10702,10674,28
2022-11-24 20:00:00,78.87,78.09,10533,10571,-38
2022-11-24 21:00:00,77.33,78.02,10395,10442,-47
2022-11-24 22:00:00,77.87,78.8,10244,10266,-22
2022-11-24 23:00:00,79.02,89.47,9983,9947,36
2022-11-25 00:00:00,98.5,94.04,9686,9674,12
2022-11-25 01:00:00,79.95,82.21,9505,9497,8
2022-11-25 02:00:00,76.43,76.97,9408,9410,-2
2022-11-25 03:00:00,76.73,77.11,9326,9331,-5
2022-11-25 04:00:00,77.38,76.86,9316,9319,-3
2022-11-25 05:00:00,77.23,77.95,9375,9382,-7
2022-11-25 06:00:00,97.2,89.31,9527,9554,-27
2022-11-25 07:00:00,74.36,76.49,9856,9927,-71
2022-11-25 08:00:00,72.48,73.87,10367,10362,5
2022-11-25 09:00:00,77.26,77.26,10528,10543,-15
2022-11-25 10:00:00,97.01,81.59,10561,10615,-54
2022-11-25 11:00:00,77.34,79.65,10645,10632,13
2022-11-25 12:00:00,84.54,87.16,10614,10694,-80
2022-11-25 13:00:00,85.98,85.42,10697,10635,62
2022-11-25 14:00:00,82.58,76.86,10615,10595,20
2022-11-25 15:00:00,77.22,91.99,10535,10555,-20
2022-11-25 16:00:00,104.51,106.39,10528,10531,-3
2022-11-25 17:00:00,88.54,93.38,10647,10663,-16
2022-11-25 18:00:00,106.71,100.01,10800,10825,-25
2022-11-25 19:00:00,92.01,100.99,10669,10686,-17
2022-11-25 20:00:00,138.4,206.65,10547,10465,82
2022-11-25 21:00:00,118.56,181.45,10336,10263,73
2022-11-25 22:00:00,469.23,354.8,10111,10052,59
2022-11-25 23:00:00,448.49,287.78,9834,9781,53
2022-11-26 00:00:00,100.05,119.51,9554,9657,-103
2022-11-26 01:00:00,135.31,202.47,9523,9480,43
2022-11-26 02:00:00,333.6,234.97,9402,9413,-11
2022-11-26 03:00:00,421.98,377.87,9352,9349,3
2022-11-26 04:00:00,439.08,267.66,9322,9255,67
2022-11-26 05:00:00,127.45,114.07,9264,9327,-63
2022-11-26 06:00:00,94.6,98.16,9392,9497,-105
2022-11-26 07:00:00,138.99,92.75,9643,9630,13
2022-11-26 08:00:00,90.13,89.61,9865,9913,-48
2022-11-26 09:00:00,87.49,87.61,10095,10098,-3
2022-11-26 10:00:00,91.15,84.87,10231,10261,-30
2022-11-26 11:00:00,86.95,74.33,10347,10282,65
2022-11-26 12:00:00,63.22,62.01,10265,10276,-11
2022-11-26 13:00:00,62.66,62.74,10281,10302,-21
2022-11-26 14:00:00,68.87,70.68,10297,10287,10
2022-11-26 15:00:00,68.74,78.69,10257,10277,-20
2022-11-26 16:00:00,87.5,89.89,10302,10353,-51
2022-11-26 17:00:00,93.75,123.72,10563,10548,15
2022-11-26 18:00:00,95.3,94.63,10769,10743,26
2022-11-26 19:00:00,82.92,84.91,10656,10617,39
2022-11-26 20:00:00,79.93,84.86,10465,10479,-14
2022-11-26 21:00:00,90.47,89.96,10347,10369,-22
2022-11-26 22:00:00,92.96,90.31,10224,10224,0
2022-11-26 23:00:00,90.34,88.62,10022,10012,10
2022-11-27 00:00:00,86.92,86.79,9780,9739,41
2022-11-27 01:00:00,89.07,85.07,9584,9545,39
2022-11-27 02:00:00,77.6,74.48,9429,9391,38
2022-11-27 03:00:00,73.06,73.84,9297,9303,-6
2022-11-27 04:00:00,74.34,77.03,9284,9323,-39
2022-11-27 05:00:00,82.08,82.33,9344,9355,-11
2022-11-27 06:00:00,67.26,72.87,9371,9395,-24
2022-11-27 07:00:00,80.78,84.05,9482,9542,-60
2022-11-27 08:00:00,87.18,85.01,9757,9772,-15
2022-11-27 09:00:00,74.41,89.53,9923,9963,-40
2022-11-27 10:00:00,92.15,120.57,10091,10120,-29
2022-11-27 11:00:00,302.43,120.45,10241,10246,-5
2022-11-27 12:00:00,70.51,75.45,10315,10354,-39
2022-11-27 13:00:00,73.64,79.34,10390,10476,-86
2022-11-27 14:00:00,82.3,68.44,10480,10496,-16
2022-11-27 15:00:00,65.63,81.47,10485,10542,-57
2022-11-27 16:00:00,79.76,71.78,10607,10633,-26
2022-11-27 17:00:00,205.69,209.42,10861,10865,-4
2022-11-27 18:00:00,254.21,324.88,11034,10911,123
2022-11-27 19:00:00,126.93,277.55,10786,10841,-55
2022-11-27 20:00:00,109.48,106.68,10778,10837,-59
2022-11-27 21:00:00,127.13,106.28,10757,10795,-38
2022-11-27 22:00:00,87.67,91.81,10587,10620,-33
2022-11-27 23:00:00,117.42,98.05,10392,10370,22
2022-11-28 00:00:00,93.97,84.68,10126,10094,32
2022-11-28 01:00:00,68.54,82.95,9921,9963,-42
2022-11-28 02:00:00,91.06,90.41,9898,9810,88
2022-11-28 03:00:00,105.72,120.14,9770,9779,-9
2022-11-28 04:00:00,95.47,101.19,9759,9805,-46
2022-11-28 05:00:00,66.55,76.87,9838,9890,-52
2022-11-28 06:00:00,84.48,85.62,10040,10106,-66
2022-11-28 07:00:00,93.98,95.84,10447,10510,-63
2022-11-28 08:00:00,115.22,128.45,10928,10979,-51
2022-11-28 09:00:00,95.98,104.28,11110,11110,0
2022-11-28 10:00:00,95.49,95.21,11071,11179,-108
2022-11-28 11:00:00,91.3,91.3,11192,11213,-21
2022-11-28 12:00:00,91.42,91.72,11186,11205,-19
2022-11-28 13:00:00,91.3,95.49,11168,11231,-63
2022-11-28 14:00:00,97.92,96.85,11253,11213,40
2022-11-28 15:00:00,95.49,95.49,11153,11180,-27
2022-11-28 16:00:00,101.19,113.96,11206,11210,-4
2022-11-28 17:00:00,131.62,218.44,11356,11352,4
2022-11-28 18:00:00,304.6,273.75,11512,11492,20
2022-11-28 19:00:00,134.98,168.98,11347,11398,-51
2022-11-28 20:00:00,231.66,191.6,11305,11332,-27
2022-11-28 21:00:00,115.12,395.04,11200,11190,10
2022-11-28 22:00:00,344.45,229.27,10984,10952,32
2022-11-28 23:00:00,107.72,107.68,10719,10658,61
2022-11-29 00:00:00,95.44,100.9,10408,10439,-31
2022-11-29 01:00:00,91.23,94.86,10254,10265,-11
2022-11-29 02:00:00,90.76,90.78,10185,10163,22
2022-11-29 03:00:00,88.23,86.51,10116,10132,-16
2022-11-29 04:00:00,85.99,89.07,10125,10086,39
2022-11-29 05:00:00,89.75,89.04,10085,10135,-50
2022-11-29 06:00:00,89.25,108.19,10280,10311,-31
2022-11-29 07:00:00,152.97,174.52,10625,10683,-58
2022-11-29 08:00:00,107.22,188.39,11047,11135,-88
2022-11-29 09:00:00,113.0,132.41,11251,11291,-40
2022-11-29 10:00:00,112.74,105.83,11331,11368,-37
2022-11-29 11:00:00,91.85,92.25,11383,11345,38
2022-11-29 12:00:00,218.66,120.46,11336,11312,24
2022-11-29 13:00:00,120.73,241.42,11268,11265,3
2022-11-29 14:00:00,132.5,320.73,11198,11232,-34
2022-11-29 15:00:00,552.98,677.47,11205,11178,27
2022-11-29 16:00:00,721.34,837.43,11183,11164,19
2022-11-29 17:00:00,997.96,981.03,11318,11368,-50
2022-11-29 18:00:00,999.99,999.99,11514,11461,53
2022-11-29 19:00:00,991.48,999.99,11339,11400,-61
2022-11-29 20:00:00,991.57,881.84,11281,11259,22
2022-11-29 21:00:00,839.43,820.35,11153,11159,-6
2022-11-29 22:00:00,819.09,813.74,10986,10946,40
2022-11-29 23:00:00,492.71,354.07,10672,10629,43
2022-11-30 00:00:00,818.7,710.53,10430,10427,3
2022-11-30 01:00:00,334.11,464.86,10232,10303,-71
2022-11-30 02:00:00,681.04,546.72,10244,10209,35
2022-11-30 03:00:00,120.26,121.55,10166,10192,-26
2022-11-30 04:00:00,119.6,118.06,10214,10274,-60
2022-11-30 05:00:00,126.9,405.65,10311,10289,22
2022-11-30 06:00:00,630.85,276.35,10401,10361,40
2022-11-30 07:00:00,553.34,381.86,10702,10799,-97
2022-11-30 08:00:00,115.8,124.48,11183,11287,-104
2022-11-30 09:00:00,271.43,203.04,11380,11416,-36
2022-11-30 10:00:00,670.98,498.31,11430,11442,-12
2022-11-30 11:00:00,680.77,498.31,11434,11443,-9
2022-11-30 12:00:00,177.27,253.42,11423,11448,-25
2022-11-30 13:00:00,119.23,121.21,11412,11451,-39
2022-11-30 14:00:00,467.2,452.33,11426,11441,-15
2022-11-30 15:00:00,117.78,228.85,11385,11395,-10
2022-11-30 16:00:00,292.67,508.63,11428,11398,30
2022-11-30 17:00:00,833.96,820.34,11541,11552,-11
2022-11-30 18:00:00,809.75,828.32,11673,11642,31
2022-11-30 19:00:00,799.36,807.8,11513,11484,29
2022-11-30 20:00:00,800.13,500.52,11380,11369,11
2022-11-30 21:00:00,196.23,123.11,11264,11270,-6
2022-11-30 22:00:00,110.22,108.05,11087,11155,-68
2022-11-30 23:00:00,88.25,87.8,10906,10886,20
2022-12-01 00:00:00,90.45,90.45,10649,10629,20
2022-12-01 01:00:00,85.82,87.67,10442,10380,62
2022-12-01 02:00:00,99.78,108.46,10315,10330,-15
2022-12-01 03:00:00,101.22,104.96,10279,10226,53
2022-12-01 04:00:00,94.77,212.77,10179,10230,-51
2022-12-01 05:00:00,110.48,112.69,10275,10283,-8
2022-12-01 06:00:00,250.9,374.99,10415,10379,36
2022-12-01 07:00:00,331.51,509.57,10585,10701,-116
2022-12-01 08:00:00,123.65,112.67,11071,11077,-6
2022-12-01 09:00:00,705.21,144.0,11238,11266,-28
2022-12-01 10:00:00,768.21,622.06,11279,11258,21
2022-12-01 11:00:00,651.97,682.36,11245,11242,3
2022-12-01 12:00:00,700.08,613.48,11259,11251,8
2022-12-01 13:00:00,112.59,233.12,11226,11253,-27
2022-12-01 14:00:00,671.14,622.65,11272,11207,65
2022-12-01 15:00:00,613.61,613.61,11194,11203,-9
2022-12-01 16:00:00,667.56,733.88,11273,11283,-10
2022-12-01 17:00:00,982.88,899.6,11502,11479,23
2022-12-01 18:00:00,999.99,999.99,11614,11564,50
2022-12-01 19:00:00,834.99,999.99,11461,11549,-88
2022-12-01 20:00:00,999.99,998.95,11479,11458,21
2022-12-01 21:00:00,968.42,898.61,11404,11284,120
2022-12-01 22:00:00,665.45,449.93,11126,11044,82
2022-12-01 23:00:00,187.79,547.19,10853,10740,113
2022-12-02 00:00:00,788.68,779.01,10506,10457,49
2022-12-02 01:00:00,725.28,178.63,10303,10247,56
2022-12-02 02:00:00,172.65,150.99,10171,10178,-7
2022-12-02 03:00:00,107.26,106.89,10135,10202,-67
2022-12-02 04:00:00,107.11,187.26,10203,10249,-46
2022-12-02 05:00:00,795.07,596.05,10269,10194,75
2022-12-02 06:00:00,102.95,120.79,10306,10392,-86
2022-12-02 07:00:00,777.54,760.57,10727,10702,25
2022-12-02 08:00:00,667.66,574.26,11029,11092,-63
2022-12-02 09:00:00,841.86,762.16,11248,11240,8
2022-12-02 10:00:00,595.9,340.44,11251,11272,-21
2022-12-02 11:00:00,106.29,178.05,11256,11353,-97
2022-12-02 12:00:00,106.52,181.82,11348,11372,-24
2022-12-02 13:00:00,122.24,337.13,11307,11300,7
2022-12-02 14:00:00,350.25,420.3,11229,11259,-30
2022-12-02 15:00:00,107.0,527.7,11223,11253,-30
2022-12-02 16:00:00,641.84,645.2,11253,11193,60
2022-12-02 17:00:00,959.12,929.58,11407,11402,5
2022-12-02 18:00:00,999.99,999.99,11502,11497,5
2022-12-02 19:00:00,998.47,850.99,11377,11294,83
2022-12-02 20:00:00,768.38,776.54,11205,11226,-21
2022-12-02 21:00:00,768.38,785.99,11120,11109,11
2022-12-02 22:00:00,468.56,769.56,10940,10919,21
2022-12-02 23:00:00,744.25,519.39,10731,10657,74
2022-12-03 00:00:00,765.34,485.77,10459,10389,70
2022-12-03 01:00:00,458.24,104.63,10160,10188,-28
2022-12-03 02:00:00,534.28,97.85,10123,10164,-41
2022-12-03 03:00:00,83.09,84.65,10109,10160,-51
2022-12-03 04:00:00,93.32,83.73,10123,10122,1
2022-12-03 05:00:00,85.0,82.96,10127,10150,-23
2022-12-03 06:00:00,85.0,89.48,10171,10270,-99
2022-12-03 07:00:00,92.72,94.72,10367,10451,-84
2022-12-03 08:00:00,98.15,89.17,10641,10686,-45
2022-12-03 09:00:00,82.51,79.42,10876,10834,42
2022-12-03 10:00:00,77.97,71.72,10887,10941,-54
2022-12-03 11:00:00,77.54,73.66,10996,11002,-6
2022-12-03 12:00:00,70.01,77.98,10996,10987,9
2022-12-03 13:00:00,83.51,82.83,10955,10934,21
2022-12-03 14:00:00,84.07,83.43,10855,10852,3
2022-12-03 15:00:00,72.85,78.82,10793,10791,2
2022-12-03 16:00:00,83.88,86.3,10818,10838,-20
2022-12-03 17:00:00,102.42,98.49,11100,11096,4
2022-12-03 18:00:00,87.84,92.54,11295,11302,-7
2022-12-03 19:00:00,141.48,111.93,11179,11104,75
2022-12-03 20:00:00,102.24,116.78,10929,10992,-63
2022-12-03 21:00:00,113.02,99.81,10878,10881,-3
2022-12-03 22:00:00,99.44,94.64,10729,10700,29
2022-12-03 23:00:00,95.7,85.38,10512,10526,-14
2022-12-04 00:00:00,85.78,87.97,10345,10343,2
2022-12-04 01:00:00,84.52,83.65,10154,10128,26
2022-12-04 02:00:00,82.7,82.69,9993,9999,-6
2022-12-04 03:00:00,79.0,79.17,9911,9871,40
2022-12-04 04:00:00,79.14,79.19,9819,9803,16
2022-12-04 05:00:00,79.19,83.97,9784,9819,-35
2022-12-04 06:00:00,84.79,85.6,9840,9872,-32
2022-12-04 07:00:00,82.84,84.55,9957,10005,-48
2022-12-04 08:00:00,77.56,84.28,10158,10152,6
2022-12-04 09:00:00,86.39,92.5,10328,10289,39
2022-12-04 10:00:00,97.57,90.15,10392,10409,-17
2022-12-04 11:00:00,81.19,78.11,10530,10518,12
2022-12-04 12:00:00,79.33,80.88,10601,10561,40
2022-12-04 13:00:00,98.64,97.9,10583,10610,-27
2022-12-04 14:00:00,105.14,367.04,10594,10552,42
2022-12-04 15:00:00,497.18,246.75,10539,10508,31
2022-12-04 16:00:00,690.35,679.99,10630,10659,-29
2022-12-04 17:00:00,717.39,800.4,10952,10929,23
2022-12-04 18:00:00,793.74,770.17,11142,11116,26
2022-12-04 19:00:00,352.3,259.96,11044,10981,63
2022-12-04 20:00:00,171.81,120.88,10900,10972,-72
2022-12-04 21:00:00,84.56,89.34,10864,10933,-69
2022-12-04 22:00:00,629.84,116.25,10807,10746,61
2022-12-04 23:00:00,102.99,96.48,10521,10443,78
2022-12-05 00:00:00,92.57,100.05,10214,10219,-5
2022-12-05 01:00:00,548.41,356.85,10056,9965,91
2022-12-05 02:00:00,100.19,204.1,9841,9757,84
2022-12-05 03:00:00,105.18,124.15,9721,9845,-124
2022-12-05 04:00:00,100.11,193.01,9866,9887,-21
2022-12-05 05:00:00,487.91,275.58,9959,9876,83
2022-12-05 06:00:00,88.75,125.33,10000,10115,-115
2022-12-05 07:00:00,353.63,414.52,10451,10454,-3
2022-12-05 08:00:00,179.37,226.62,10830,10898,-68
2022-12-05 09:00:00,594.56,603.8,11076,11027,49
2022-12-05 10:00:00,403.84,310.67,11024,11101,-77
2022-12-05 11:00:00,668.59,500.21,11122,11124,-2
2022-12-05 12:00:00,192.81,155.66,11129,11179,-50
2022-12-05 13:00:00,115.38,124.6,11145,11197,-52
2022-12-05 14:00:00,124.98,127.75,11192,11187,5
2022-12-05 15:00:00,379.65,282.09,11150,11173,-23
2022-12-05 16:00:00,470.89,470.17,11203,11186,17
2022-12-05 17:00:00,762.09,747.59,11421,11479,-58
2022-12-05 18:00:00,925.36,709.27,11599,11666,-67
2022-12-05 19:00:00,114.8,113.55,11521,11570,-49
2022-12-05 20:00:00,77.41,83.63,11501,11580,-79
2022-12-05 21:00:00,84.61,85.39,11460,11518,-58
2022-12-05 22:00:00,81.26,90.15,11356,11332,24
2022-12-05 23:00:00,110.15,397.83,11062,10907,155
2022-12-06 00:00:00,170.29,398.37,10616,10559,57
2022-12-06 01:00:00,457.68,316.52,10407,10428,-21
2022-12-06 02:00:00,86.48,94.18,10355,10481,-126
2022-12-06 03:00:00,93.38,226.98,10466,10449,17
2022-12-06 04:00:00,95.72,388.86,10395,10361,34
2022-12-06 05:00:00,304.19,381.45,10353,10370,-17
2022-12-06 06:00:00,96.95,185.76,10476,10509,-33
2022-12-06 07:00:00,430.55,547.44,10836,10888,-52
2022-12-06 08:00:00,598.45,600.03,11227,11154,73
2022-12-06 09:00:00,714.17,801.46,11268,11261,7
2022-12-06 10:00:00,719.37,724.55,11251,11246,5
2022-12-06 11:00:00,339.9,512.68,11264,11272,-8
2022-12-06 12:00:00,705.82,321.48,11296,11292,4
2022-12-06 13:00:00,705.74,574.86,11266,11317,-51
2022-12-06 14:00:00,707.58,506.11,11311,11311,0
2022-12-06 15:00:00,673.96,701.98,11311,11319,-8
2022-12-06 16:00:00,709.34,714.14,11365,11389,-24
2022-12-06 17:00:00,781.78,775.36,11587,11630,-43
2022-12-06 18:00:00,802.94,801.72,11646,11805,-159
2022-12-06 19:00:00,725.05,551.39,11674,11670,4
2022-12-06 20:00:00,104.62,96.85,11565,11663,-98
2022-12-06 21:00:00,91.72,89.09,11632,11644,-12
2022-12-06 22:00:00,148.41,93.05,11428,11410,18
2022-12-06 23:00:00,89.02,82.54,11165,11176,-11
2022-12-07 00:00:00,82.3,74.0,10901,10850,51
2022-12-07 01:00:00,75.82,71.27,10644,10630,14
2022-12-07 02:00:00,82.76,79.19,10528,10515,13
2022-12-07 03:00:00,86.4,82.16,10448,10422,26
2022-12-07 04:00:00,80.7,80.48,10394,10356,38
2022-12-07 05:00:00,80.72,79.92,10386,10336,50
2022-12-07 06:00:00,79.57,81.14,10413,10424,-11
2022-12-07 07:00:00,81.76,83.06,10704,10694,10
2022-12-07 08:00:00,82.64,83.23,11056,11058,-2
2022-12-07 09:00:00,85.55,83.16,11154,11107,47
2022-12-07 10:00:00,84.39,84.42,11097,11100,-3
2022-12-07 11:00:00,88.21,85.97,11087,11039,48
2022-12-07 12:00:00,85.5,83.52,11049,11056,-7
2022-12-07 13:00:00,83.16,82.06,11046,10972,74
2022-12-07 14:00:00,81.01,82.04,10931,10940,-9
2022-12-07 15:00:00,82.17,81.86,10927,10997,-70
2022-12-07 16:00:00,81.84,87.0,11062,11065,-3
2022-12-07 17:00:00,108.95,177.98,11305,11283,22
2022-12-07 18:00:00,731.61,466.78,11424,11357,67
2022-12-07 19:00:00,89.14,89.9,11201,11236,-35
2022-12-07 20:00:00,90.61,92.7,11186,11156,30
2022-12-07 21:00:00,84.68,90.68,11020,10983,37
2022-12-07 22:00:00,508.71,99.45,10830,10793,37
2022-12-07 23:00:00,83.13,87.12,10554,10455,99
2022-12-08 00:00:00,85.6,85.09,10205,10096,109
2022-12-08 01:00:00,79.61,83.04,9916,9883,33
2022-12-08 02:00:00,83.87,82.87,9806,9797,9
2022-12-08 03:00:00,80.95,82.05,9754,9736,18
2022-12-08 04:00:00,83.7,82.74,9722,9737,-15
2022-12-08 05:00:00,81.9,82.2,9784,9775,9
2022-12-08 06:00:00,84.59,85.02,9912,9969,-57
2022-12-08 07:00:00,87.45,90.66,10288,10353,-65
2022-12-08 08:00:00,160.85,121.18,10770,10793,-23
2022-12-08 09:00:00,93.5,90.34,10917,10903,14
2022-12-08 10:00:00,82.03,81.51,10902,10963,-61
2022-12-08 11:00:00,85.04,85.58,10965,11037,-72
2022-12-08 12:00:00,87.3,92.3,11051,11065,-14
2022-12-08 13:00:00,93.74,111.56,11028,11010,18
2022-12-08 14:00:00,89.34,88.94,10962,10974,-12
2022-12-08 15:00:00,83.37,84.56,10955,10931,24
2022-12-08 16:00:00,87.46,85.88,10936,10913,23
2022-12-08 17:00:00,82.07,86.22,11132,11153,-21
2022-12-08 18:00:00,87.32,90.48,11316,11297,19
2022-12-08 19:00:00,89.68,102.78,11159,11126,33
2022-12-08 20:00:00,407.38,131.17,11039,11033,6
2022-12-08 21:00:00,155.21,96.15,10898,10931,-33
2022-12-08 22:00:00,90.47,96.55,10751,10731,20
2022-12-08 23:00:00,89.91,100.84,10461,10373,88
2022-12-09 00:00:00,224.2,115.74,10129,10001,128
2022-12-09 01:00:00,88.49,91.78,9838,9855,-17
2022-12-09 02:00:00,85.61,92.21,9761,9795,-34
2022-12-09 03:00:00,89.32,93.94,9740,9724,16
2022-12-09 04:00:00,109.88,98.0,9709,9717,-8
2022-12-09 05:00:00,103.91,93.23,9747,9772,-25
2022-12-09 06:00:00,91.81,104.12,9906,9929,-23
2022-12-09 07:00:00,98.2,257.31,10214,10247,-33
2022-12-09 08:00:00,503.94,217.98,10634,10633,1
2022-12-09 09:00:00,113.22,125.44,10773,10807,-34
2022-12-09 10:00:00,87.42,85.97,10819,10906,-87
2022-12-09 11:00:00,89.04,83.11,10920,10919,1
2022-12-09 12:00:00,84.53,85.11,10897,10873,24
2022-12-09 13:00:00,84.36,85.17,10802,10811,-9
2022-12-09 14:00:00,86.19,85.19,10806,10790,16
2022-12-09 15:00:00,86.2,86.45,10740,10754,-14
2022-12-09 16:00:00,87.24,160.96,10808,10778,30
2022-12-09 17:00:00,151.33,504.1,10979,10919,60
2022-12-09 18:00:00,316.08,239.55,11034,11016,18
2022-12-09 19:00:00,90.4,90.68,10870,10921,-51
2022-12-09 20:00:00,162.68,228.22,10876,10836,40
2022-12-09 21:00:00,461.32,431.05,10694,10646,48
2022-12-09 22:00:00,573.89,567.69,10495,10496,-1
2022-12-09 23:00:00,326.14,443.43,10306,10230,76
2022-12-10 00:00:00,578.61,584.2,10032,9984,48
2022-12-10 01:00:00,102.81,340.32,9821,9797,24
2022-12-10 02:00:00,92.36,188.03,9692,9729,-37
2022-12-10 03:00:00,92.13,185.22,9688,9685,3
2022-12-10 04:00:00,90.47,115.02,9669,9706,-37
2022-12-10 05:00:00,89.27,216.83,9747,9772,-25
2022-12-10 06:00:00,236.48,376.79,9834,9783,51
2022-12-10 07:00:00,173.72,389.28,9866,9890,-24
2022-12-10 08:00:00,85.89,87.5,10102,10136,-34
2022-12-10 09:00:00,91.59,194.77,10401,10468,-67
2022-12-10 10:00:00,397.06,396.57,10562,10497,65
2022-12-10 11:00:00,659.44,361.07,10494,10496,-2
2022-12-10 12:00:00,89.2,92.39,10517,10582,-65
2022-12-10 13:00:00,87.27,91.99,10590,10617,-27
2022-12-10 14:00:00,90.96,118.57,10580,10616,-36
2022-12-10 15:00:00,95.43,430.18,10616,10567,49
2022-12-10 16:00:00,132.62,330.11,10512,10467,45
2022-12-10 17:00:00,263.99,429.83,10712,10711,1
2022-12-10 18:00:00,398.53,509.52,10875,10816,59
2022-12-10 19:00:00,150.92,310.39,10695,10748,-53
2022-12-10 20:00:00,841.63,813.23,10648,10659,-11
2022-12-10 21:00:00,831.52,771.79,10556,10529,27
2022-12-10 22:00:00,86.56,209.87,10399,10368,31
2022-12-10 23:00:00,90.36,90.43,10254,10277,-23
2022-12-11 00:00:00,439.92,109.77,10107,10084,23
2022-12-11 01:00:00,519.98,183.58,9904,9839,65
2022-12-11 02:00:00,150.72,154.87,9723,9729,-6
2022-12-11 03:00:00,147.13,172.43,9666,9738,-72
2022-12-11 04:00:00,177.03,174.97,9717,9722,-5
2022-12-11 05:00:00,142.79,141.48,9713,9752,-39
2022-12-11 06:00:00,155.6,261.16,9790,9833,-43
2022-12-11 07:00:00,157.67,219.71,9893,9985,-92
2022-12-11 08:00:00,119.08,228.48,10167,10194,-27
2022-12-11 09:00:00,211.3,185.72,10366,10364,2
2022-12-11 10:00:00,586.15,383.32,10452,10456,-4
2022-12-11 11:00:00,92.55,232.33,10535,10620,-85
2022-12-11 12:00:00,410.66,213.82,10696,10672,24
2022-12-11 13:00:00,170.32,393.34,10735,10684,51
2022-12-11 14:00:00,555.58,517.45,10652,10609,43
2022-12-11 15:00:00,354.82,592.05,10585,10606,-21
2022-12-11 16:00:00,537.24,587.68,10706,10781,-75
2022-12-11 17:00:00,565.0,534.7,11082,11089,-7
2022-12-11 18:00:00,687.75,690.49,11307,11350,-43
2022-12-11 19:00:00,658.65,488.91,11220,11184,36
2022-12-11 20:00:00,587.55,471.15,11082,11055,27
2022-12-11 21:00:00,404.34,467.64,10950,10968,-18
2022-12-11 22:00:00,228.94,265.46,10807,10792,15
2022-12-11 23:00:00,143.84,97.61,10572,10588,-16
2022-12-12 00:00:00,267.53,294.76,10395,10328,67
2022-12-12 01:00:00,340.83,403.15,10124,10124,0
2022-12-12 02:00:00,578.28,538.89,10031,10000,31
2022-12-12 03:00:00,478.32,612.08,9951,9964,-13
2022-12-12 04:00:00,478.32,485.19,9963,9934,29
2022-12-12 05:00:00,577.0,598.88,9977,10006,-29
2022-12-12 06:00:00,521.82,577.0,10127,10189,-62
2022-12-12 07:00:00,691.9,774.82,10453,10562,-109
2022-12-12 08:00:00,742.54,736.24,10981,10994,-13
2022-12-12 09:00:00,755.01,769.17,11130,11161,-31
2022-12-12 10:00:00,746.13,720.94,11170,11161,9
2022-12-12 11:00:00,634.27,601.97,11172,11115,57
2022-12-12 12:00:00,570.04,493.58,11111,11109,2
2022-12-12 13:00:00,600.27,437.8,11100,11069,31
2022-12-12 14:00:00,541.22,530.88,11061,11066,-5
2022-12-12 15:00:00,426.31,562.22,11046,11037,9
2022-12-12 16:00:00,584.09,621.41,11063,11077,-14
2022-12-12 17:00:00,725.27,767.64,11310,11337,-27
2022-12-12 18:00:00,997.64,987.89,11489,11541,-52
2022-12-12 19:00:00,898.7,909.77,11406,11360,46
2022-12-12 20:00:00,912.26,901.22,11254,11236,18
2022-12-12 21:00:00,817.5,761.76,11137,11080,57
2022-12-12 22:00:00,595.0,597.08,10900,10848,52
2022-12-12 23:00:00,518.22,396.46,10563,10566,-3
2022-12-13 00:00:00,503.77,486.61,10313,10297,16
2022-12-13 01:00:00,146.63,266.4,10130,10106,24
2022-12-13 02:00:00,443.67,435.64,10041,10029,12
2022-12-13 03:00:00,172.35,197.34,9970,9971,-1
2022-12-13 04:00:00,131.17,134.2,9964,9959,5
2022-12-13 05:00:00,136.59,136.5,9991,10028,-37
2022-12-13 06:00:00,144.78,236.97,10151,10235,-84
2022-12-13 07:00:00,695.82,691.34,10536,10577,-41
2022-12-13 08:00:00,700.91,658.39,10963,10930,33
2022-12-13 09:00:00,445.68,348.29,11048,11042,6
2022-12-13 10:00:00,145.16,108.58,11075,11102,-27
2022-12-13 11:00:00,125.83,118.35,11184,11244,-60
2022-12-13 12:00:00,109.22,134.45,11196,11167,29
2022-12-13 13:00:00,315.02,180.54,11132,11108,24
2022-12-13 14:00:00,167.02,185.94,11060,11092,-32
2022-12-13 15:00:00,170.93,236.39,11057,11117,-60
2022-12-13 16:00:00,587.38,413.13,11184,11063,121
2022-12-13 17:00:00,504.5,487.23,11234,11249,-15
2022-12-13 18:00:00,800.36,518.04,11395,11337,58
2022-12-13 19:00:00,261.09,250.54,11158,11123,35
2022-12-13 20:00:00,163.82,188.82,11037,11081,-44
2022-12-13 21:00:00,150.31,184.66,10959,10920,39
2022-12-13 22:00:00,146.89,177.26,10725,10667,58
2022-12-13 23:00:00,676.09,395.66,10414,10304,110
2022-12-14 00:00:00,342.34,361.37,9999,9982,17
2022-12-14 01:00:00,463.27,423.75,9796,9705,91
2022-12-14 02:00:00,409.45,305.2,9605,9596,9
2022-12-14 03:00:00,114.91,122.24,9553,9677,-124
2022-12-14 04:00:00,125.0,125.89,9667,9699,-32
2022-12-14 05:00:00,126.69,125.37,9741,9778,-37
2022-12-14 06:00:00,316.72,342.0,9920,9913,7
2022-12-14 07:00:00,111.11,160.68,10172,10290,-118
2022-12-14 08:00:00,371.17,370.84,10730,10766,-36
2022-12-14 09:00:00,615.8,614.81,10923,10907,16
2022-12-14 10:00:00,139.53,175.41,10879,10932,-53
2022-12-14 11:00:00,259.38,278.49,10996,10986,10
2022-12-14 12:00:00,114.91,121.61,11037,11061,-24
2022-12-14 13:00:00,118.14,142.26,11026,10984,42
2022-12-14 14:00:00,130.12,126.11,10985,10986,-1
2022-12-14 15:00:00,125.0,396.08,10981,10945,36
2022-12-14 16:00:00,114.44,556.57,10947,10902,45
2022-12-14 17:00:00,622.58,624.74,11130,11129,1
2022-12-14 18:00:00,615.35,740.89,11284,11280,4
2022-12-14 19:00:00,648.22,620.14,11121,11110,11
2022-12-14 20:00:00,614.01,387.3,11000,10983,17
2022-12-14 21:00:00,475.69,585.7,10859,10890,-31
2022-12-14 22:00:00,336.97,233.2,10692,10671,21
2022-12-14 23:00:00,115.09,119.28,10472,10494,-22
2022-12-15 00:00:00,522.73,462.53,10255,10159,96
2022-12-15 01:00:00,637.02,677.37,9970,9854,116
2022-12-15 02:00:00,524.13,583.28,9753,9707,46
2022-12-15 03:00:00,519.22,581.37,9669,9680,-11
2022-12-15 04:00:00,575.65,544.49,9688,9711,-23
2022-12-15 05:00:00,200.05,228.27,9760,9812,-52
2022-12-15 06:00:00,379.67,362.46,9986,10055,-69
2022-12-15 07:00:00,502.24,519.82,10351,10421,-70
2022-12-15 08:00:00,437.6,396.57,10823,10864,-41
2022-12-15 09:00:00,570.34,279.12,11039,11061,-22
2022-12-15 10:00:00,104.38,109.48,11062,11167,-105
2022-12-15 11:00:00,138.98,110.04,11193,11206,-13
2022-12-15 12:00:00,110.85,116.68,11201,11232,-31
2022-12-15 13:00:00,369.69,147.13,11183,11195,-12
2022-12-15 14:00:00,295.04,276.36,11164,11118,46
2022-12-15 15:00:00,138.98,246.7,11056,11086,-30
2022-12-15 16:00:00,496.46,743.53,11126,11012,114
2022-12-15 17:00:00,608.95,690.87,11159,11095,64
2022-12-15 18:00:00,891.35,865.48,11254,11261,-7
2022-12-15 19:00:00,167.3,366.33,11180,11154,26
2022-12-15 20:00:00,309.97,400.18,11039,11103,-64
2022-12-15 21:00:00,283.87,475.75,10964,10957,7
2022-12-15 22:00:00,205.49,230.11,10776,10796,-20
2022-12-15 23:00:00,297.2,133.65,10610,10603,7
2022-12-16 00:00:00,238.6,136.54,10311,10340,-29
2022-12-16 01:00:00,616.82,233.85,10146,10093,53
2022-12-16 02:00:00,92.11,93.73,9993,10022,-29
2022-12-16 03:00:00,92.29,91.91,9966,9961,5
2022-12-16 04:00:00,105.55,97.19,9916,9963,-47
2022-12-16 05:00:00,107.42,102.15,9986,10012,-26
2022-12-16 06:00:00,106.46,95.59,10158,10151,7
2022-12-16 07:00:00,111.14,111.94,10432,10446,-14
2022-12-16 08:00:00,142.85,138.54,10849,10856,-7
2022-12-16 09:00:00,196.81,154.03,10994,11042,-48
2022-12-16 10:00:00,173.72,177.47,11025,11039,-14
2022-12-16 11:00:00,170.61,180.15,10989,11060,-71
2022-12-16 12:00:00,290.2,186.88,11056,11065,-9
2022-12-16 13:00:00,210.75,146.32,11036,11028,8
2022-12-16 14:00:00,117.99,117.99,11018,10983,35
2022-12-16 15:00:00,117.92,117.92,10964,10973,-9
2022-12-16 16:00:00,119.68,134.09,11002,11064,-62
2022-12-16 17:00:00,138.08,269.42,11281,11196,85
2022-12-16 18:00:00,788.21,320.75,11317,11213,104
2022-12-16 19:00:00,92.62,109.09,11095,11091,4
2022-12-16 20:00:00,91.85,96.15,11010,11032,-22
2022-12-16 21:00:00,94.34,95.23,10912,10905,7
2022-12-16 22:00:00,90.22,91.67,10709,10764,-55
2022-12-16 23:00:00,90.14,87.87,10541,10566,-25
2022-12-17 00:00:00,84.07,89.58,10329,10300,29
2022-12-17 01:00:00,79.19,84.1,10100,10158,-58
2022-12-17 02:00:00,78.87,84.4,10035,10097,-62
2022-12-17 03:00:00,84.87,77.65,10039,9983,56
2022-12-17 04:00:00,77.17,77.39,9948,9894,54
2022-12-17 05:00:00,66.61,76.97,9891,10032,-141
2022-12-17 06:00:00,75.89,78.91,10088,10170,-82
2022-12-17 07:00:00,80.8,85.82,10296,10320,-24
2022-12-17 08:00:00,87.86,92.35,10526,10562,-36
2022-12-17 09:00:00,197.69,125.99,10779,10822,-43
2022-12-17 10:00:00,118.74,225.44,10874,10902,-28
2022-12-17 11:00:00,325.22,370.99,11046,11090,-44
2022-12-17 12:00:00,234.61,370.07,11128,11155,-27
2022-12-17 13:00:00,541.88,306.58,11169,11148,21
2022-12-17 14:00:00,92.59,110.99,11133,11219,-86
2022-12-17 15:00:00,89.48,90.36,11197,11262,-65
2022-12-17 16:00:00,114.07,174.47,11269,11294,-25
2022-12-17 17:00:00,314.89,394.69,11505,11469,36
2022-12-17 18:00:00,315.5,330.86,11551,11589,-38
2022-12-17 19:00:00,137.42,145.0,11465,11478,-13
2022-12-17 20:00:00,181.82,122.33,11359,11388,-29
2022-12-17 21:00:00,118.17,114.31,11262,11326,-64
2022-12-17 22:00:00,116.55,106.65,11162,11179,-17
2022-12-17 23:00:00,121.11,121.82,10973,10941,32
2022-12-18 00:00:00,410.62,278.86,10719,10652,67
2022-12-18 01:00:00,169.0,186.18,10470,10443,27
2022-12-18 02:00:00,101.42,107.08,10336,10352,-16
2022-12-18 03:00:00,525.19,136.56,10292,10320,-28
2022-12-18 04:00:00,135.42,138.9,10277,10304,-27
2022-12-18 05:00:00,106.13,141.77,10294,10271,23
2022-12-18 06:00:00,275.03,139.3,10317,10290,27
2022-12-18 07:00:00,104.12,110.03,10374,10409,-35
2022-12-18 08:00:00,106.66,124.0,10567,10624,-57
2022-12-18 09:00:00,212.29,200.41,10810,10825,-15
2022-12-18 10:00:00,739.56,587.99,10941,10931,10
2022-12-18 11:00:00,141.99,256.36,10992,11094,-102
2022-12-18 12:00:00,256.63,277.61,11166,11220,-54
2022-12-18 13:00:00,325.22,274.55,11269,11239,30
2022-12-18 14:00:00,245.18,335.81,11219,11248,-29
2022-12-18 15:00:00,330.94,516.63,11225,11229,-4
2022-12-18 16:00:00,522.71,547.88,11261,11230,31
2022-12-18 17:00:00,548.09,686.27,11497,11521,-24
2022-12-18 18:00:00,667.34,819.68,11713,11750,-37
2022-12-18 19:00:00,742.91,824.2,11642,11670,-28
2022-12-18 20:00:00,877.99,871.11,11548,11518,30
2022-12-18 21:00:00,617.37,680.98,11390,11385,5
2022-12-18 22:00:00,802.93,674.15,11234,11207,27
2022-12-18 23:00:00,194.96,226.64,10999,11014,-15
2022-12-19 00:00:00,162.37,144.08,10800,10805,-5
2022-12-19 01:00:00,151.85,175.96,10632,10671,-39
2022-12-19 02:00:00,218.06,179.41,10557,10562,-5
2022-12-19 03:00:00,262.02,231.16,10498,10495,3
2022-12-19 04:00:00,137.83,134.9,10502,10500,2
2022-12-19 05:00:00,122.04,134.19,10543,10553,-10
2022-12-19 06:00:00,134.68,135.53,10647,10696,-49
2022-12-19 07:00:00,140.43,155.93,10984,11127,-143
2022-12-19 08:00:00,509.03,488.25,11488,11547,-59
2022-12-19 09:00:00,406.23,667.76,11671,11632,39
2022-12-19 10:00:00,688.01,217.38,11654,11716,-62
2022-12-19 11:00:00,112.51,93.16,11793,11847,-54
2022-12-19 12:00:00,111.23,153.57,11818,11863,-45
2022-12-19 13:00:00,682.34,610.45,11815,11776,39
2022-12-19 14:00:00,635.21,539.53,11693,11749,-56
2022-12-19 15:00:00,112.55,257.18,11706,11820,-114
2022-12-19 16:00:00,645.05,713.04,11879,11836,43
2022-12-19 17:00:00,766.14,834.38,12029,12026,3
2022-12-19 18:00:00,948.37,990.65,12154,12187,-33
2022-12-19 19:00:00,822.09,910.69,12057,12062,-5
2022-12-19 20:00:00,796.56,775.82,11943,11901,42
2022-12-19 21:00:00,674.43,682.94,11785,11693,92
2022-12-19 22:00:00,699.21,668.56,11482,11439,43
2022-12-19 23:00:00,472.27,552.53,11194,11157,37
2022-12-20 00:00:00,211.23,316.97,10905,10908,-3
2022-12-20 01:00:00,661.76,649.45,10724,10726,-2
2022-12-20 02:00:00,576.36,566.36,10629,10632,-3
2022-12-20 03:00:00,701.87,636.56,10579,10582,-3
2022-12-20 04:00:00,297.97,636.26,10594,10575,19
2022-12-20 05:00:00,677.44,653.54,10621,10642,-21
2022-12-20 06:00:00,679.72,655.41,10757,10779,-22
2022-12-20 07:00:00,471.26,570.05,11036,11109,-73
2022-12-20 08:00:00,689.4,718.86,11435,11489,-54
2022-12-20 09:00:00,953.77,900.85,11692,11680,12
2022-12-20 10:00:00,795.92,717.25,11713,11747,-34
2022-12-20 11:00:00,930.82,720.03,11787,11808,-21
2022-12-20 12:00:00,717.25,773.94,11789,11813,-24
2022-12-20 13:00:00,800.66,848.49,11788,11796,-8
2022-12-20 14:00:00,842.66,891.89,11792,11791,1
2022-12-20 15:00:00,800.89,851.01,11751,11773,-22
2022-12-20 16:00:00,999.9,968.68,11799,11828,-29
2022-12-20 17:00:00,950.25,988.49,12033,12023,10
2022-12-20 18:00:00,999.99,999.99,12135,12101,34
2022-12-20 19:00:00,962.46,940.16,12010,12026,-16
2022-12-20 20:00:00,834.13,775.49,11927,11898,29
2022-12-20 21:00:00,713.49,705.25,11797,11747,50
2022-12-20 22:00:00,651.85,651.09,11616,11593,23
2022-12-20 23:00:00,212.24,221.98,11396,11336,60
2022-12-21 00:00:00,847.49,672.64,11084,11079,5
2022-12-21 01:00:00,655.41,435.14,10920,10904,16
2022-12-21 02:00:00,167.0,170.21,10782,10835,-53
2022-12-21 03:00:00,156.15,148.99,10786,10850,-64
2022-12-21 04:00:00,601.36,446.72,10861,10816,45
2022-12-21 05:00:00,207.12,428.87,10810,10797,13
2022-12-21 06:00:00,957.03,680.97,10891,10904,-13
2022-12-21 07:00:00,304.51,590.69,11164,11233,-69
2022-12-21 08:00:00,685.61,734.33,11555,11584,-29
2022-12-21 09:00:00,999.98,956.43,11820,11751,69
2022-12-21 10:00:00,999.99,999.99,11715,11764,-49
2022-12-21 11:00:00,999.99,999.99,11793,11870,-77
2022-12-21 12:00:00,999.99,999.99,11892,11911,-19
2022-12-21 13:00:00,999.99,999.99,11890,11889,1
2022-12-21 14:00:00,999.94,693.44,11862,11837,25
2022-12-21 15:00:00,689.61,704.9,11806,11824,-18
2022-12-21 16:00:00,999.96,995.15,11847,11838,9
2022-12-21 17:00:00,999.99,999.99,11985,12013,-28
2022-12-21 18:00:00,999.99,999.99,12117,12193,-76
2022-12-21 19:00:00,999.99,999.98,12110,12104,6
2022-12-21 20:00:00,868.0,778.5,12009,12011,-2
2022-12-21 21:00:00,850.48,700.82,11935,11858,77
2022-12-21 22:00:00,599.18,595.78,11719,11704,15
2022-12-21 23:00:00,246.74,158.59,11442,11384,58
2022-12-22 00:00:00,466.78,390.39,11118,11118,0
2022-12-22 01:00:00,131.78,242.81,10945,10981,-36
2022-12-22 02:00:00,999.97,792.98,10900,10844,56
2022-12-22 03:00:00,724.42,726.92,10788,10766,22
2022-12-22 04:00:00,725.25,626.53,10754,10728,26
2022-12-22 05:00:00,138.65,185.29,10756,10755,1
2022-12-22 06:00:00,422.66,526.57,10861,10890,-29
2022-12-22 07:00:00,713.39,751.18,11118,11159,-41
2022-12-22 08:00:00,580.05,733.41,11492,11575,-83
2022-12-22 09:00:00,999.77,894.52,11798,11774,24
2022-12-22 10:00:00,999.99,903.89,11847,11843,4
2022-12-22 11:00:00,749.25,731.79,11867,11846,21
2022-12-22 12:00:00,741.35,725.72,11850,11807,43
2022-12-22 13:00:00,999.95,729.9,11755,11741,14
2022-12-22 14:00:00,587.03,675.55,11678,11678,0
2022-12-22 15:00:00,675.55,603.21,11662,11636,26
2022-12-22 16:00:00,686.91,727.28,11672,11675,-3
2022-12-22 17:00:00,958.18,928.94,11828,11892,-64
2022-12-22 18:00:00,999.99,922.81,12034,12091,-57
2022-12-22 19:00:00,790.88,766.63,11996,11959,37
2022-12-22 20:00:00,741.35,651.8,11888,11883,5
2022-12-22 21:00:00,674.16,611.14,11828,11786,42
2022-12-22 22:00:00,757.05,554.5,11644,11588,56
2022-12-22 23:00:00,619.59,327.31,11348,11274,74
2022-12-23 00:00:00,121.36,124.12,11039,11103,-64
2022-12-23 01:00:00,179.36,173.4,10939,10907,32
2022-12-23 02:00:00,610.59,286.03,10789,10742,47
2022-12-23 03:00:00,175.47,187.19,10674,10694,-20
2022-12-23 04:00:00,162.7,167.02,10682,10656,26
2022-12-23 05:00:00,160.95,167.0,10678,10683,-5
2022-12-23 06:00:00,661.12,187.36,10775,10790,-15
2022-12-23 07:00:00,497.66,549.89,11027,11040,-13
2022-12-23 08:00:00,456.02,490.37,11344,11324,20
2022-12-23 09:00:00,960.18,660.11,11510,11541,-31
2022-12-23 10:00:00,32.22,298.61,11569,11669,-100
2022-12-23 11:00:00,999.99,727.88,11725,11683,42
2022-12-23 12:00:00,699.96,578.1,11634,11592,42
2022-12-23 13:00:00,95.34,132.72,11548,11535,13
2022-12-23 14:00:00,109.21,117.58,11502,11543,-41
2022-12-23 15:00:00,109.62,103.43,11510,11499,11
2022-12-23 16:00:00,86.57,96.86,11476,11390,86
2022-12-23 17:00:00,243.17,188.57,11565,11533,32
2022-12-23 18:00:00,667.08,572.89,11649,11645,4
2022-12-23 19:00:00,680.15,638.87,11536,11492,44
2022-12-23 20:00:00,564.41,547.22,11392,11386,6
2022-12-23 21:00:00,312.01,292.91,11309,11294,15
2022-12-23 22:00:00,986.94,789.64,11163,11096,67
2022-12-23 23:00:00,617.44,705.15,10861,10832,29
2022-12-24 00:00:00,627.44,801.27,10593,10584,9
2022-12-24 01:00:00,114.43,126.65,10414,10415,-1
2022-12-24 02:00:00,131.06,133.72,10314,10365,-51
2022-12-24 03:00:00,132.17,161.43,10327,10329,-2
2022-12-24 04:00:00,349.0,161.28,10324,10289,35
2022-12-24 05:00:00,112.41,115.25,10265,10270,-5
2022-12-24 06:00:00,108.1,109.59,10304,10330,-26
2022-12-24 07:00:00,438.16,119.95,10502,10423,79
2022-12-24 08:00:00,167.55,130.45,10617,10600,17
2022-12-24 09:00:00,151.06,113.09,10830,10805,25
2022-12-24 10:00:00,126.58,108.18,10953,10959,-6
2022-12-24 11:00:00,123.36,238.83,11062,11109,-47
2022-12-24 12:00:00,705.0,353.31,11125,11155,-30
2022-12-24 13:00:00,340.67,396.41,11141,11143,-2
2022-12-24 14:00:00,85.93,104.75,11083,11107,-24
2022-12-24 15:00:00,107.59,110.4,11019,11118,-99
2022-12-24 16:00:00,129.64,150.19,11115,11125,-10
2022-12-24 17:00:00,171.22,280.36,11317,11252,65
2022-12-24 18:00:00,291.06,173.0,11296,11290,6
2022-12-24 19:00:00,113.93,121.01,11131,11100,31
2022-12-24 20:00:00,122.24,187.69,10913,10868,45
2022-12-24 21:00:00,169.19,184.68,10768,10738,30
2022-12-24 22:00:00,104.73,118.27,10616,10652,-36
2022-12-24 23:00:00,103.37,104.39,10504,10459,45
2022-12-25 00:00:00,95.22,98.6,10245,10283,-38
2022-12-25 01:00:00,75.43,78.62,10155,10071,84
2022-12-25 02:00:00,85.53,88.58,9930,9941,-11
2022-12-25 03:00:00,65.19,76.01,9890,9820,70
2022-12-25 04:00:00,69.5,71.5,9805,9802,3
2022-12-25 05:00:00,69.58,74.68,9787,9826,-39
2022-12-25 06:00:00,73.48,86.43,9831,9831,0
2022-12-25 07:00:00,96.59,113.53,9868,9964,-96
2022-12-25 08:00:00,113.01,214.53,10094,10160,-66
2022-12-25 09:00:00,494.68,598.28,10330,10227,103
2022-12-25 10:00:00,109.96,111.62,10332,10370,-38
2022-12-25 11:00:00,106.78,105.06,10541,10489,52
2022-12-25 12:00:00,155.63,126.2,10523,10501,22
2022-12-25 13:00:00,186.24,150.5,10538,10476,62
2022-12-25 14:00:00,128.25,126.46,10468,10491,-23
2022-12-25 15:00:00,113.68,111.98,10505,10506,-1
2022-12-25 16:00:00,135.54,123.15,10613,10543,70
2022-12-25 17:00:00,107.41,137.57,10842,10727,115
2022-12-25 18:00:00,198.72,147.03,10830,10755,75
2022-12-25 19:00:00,104.22,87.08,10655,10553,102
2022-12-25 20:00:00,109.41,95.92,10494,10486,8
2022-12-25 21:00:00,255.06,157.07,10465,10407,58
2022-12-25 22:00:00,604.53,383.34,10320,10287,33
2022-12-25 23:00:00,590.8,326.01,10192,10099,93
2022-12-26 00:00:00,189.58,181.33,9940,9924,16
2022-12-26 01:00:00,81.66,91.41,9807,9854,-47
2022-12-26 02:00:00,79.23,77.91,9799,9776,23
2022-12-26 03:00:00,68.22,65.95,9728,9715,13
2022-12-26 04:00:00,63.49,66.73,9728,9691,37
2022-12-26 05:00:00,66.32,73.16,9705,9674,31
2022-12-26 06:00:00,68.99,73.55,9729,9692,37
2022-12-26 07:00:00,80.29,85.42,9839,9806,33
2022-12-26 08:00:00,99.82,92.61,10043,9960,83
2022-12-26 09:00:00,90.42,94.74,10170,10124,46
2022-12-26 10:00:00,101.75,103.39,10202,10210,-8
2022-12-26 11:00:00,86.97,95.47,10320,10314,6
2022-12-26 12:00:00,96.78,102.14,10376,10355,21
2022-12-26 13:00:00,100.35,97.89,10364,10402,-38
2022-12-26 14:00:00,96.54,101.21,10412,10400,12
2022-12-26 15:00:00,82.85,100.68,10358,10304,54
2022-12-26 16:00:00,100.02,104.51,10340,10306,34
2022-12-26 17:00:00,106.73,310.45,10546,10502,44
2022-12-26 18:00:00,394.76,328.53,10699,10648,51
2022-12-26 19:00:00,111.42,141.36,10559,10599,-40
2022-12-26 20:00:00,102.49,105.82,10496,10520,-24
2022-12-26 21:00:00,88.41,104.01,10428,10479,-51
2022-12-26 22:00:00,93.15,104.74,10324,10339,-15
2022-12-26 23:00:00,84.25,92.53,10136,10142,-6
2022-12-27 00:00:00,94.57,109.29,9948,9922,26
2022-12-27 01:00:00,124.11,325.36,9769,9697,72
2022-12-27 02:00:00,194.69,442.64,9585,9529,56
2022-12-27 03:00:00,352.3,785.16,9455,9436,19
2022-12-27 04:00:00,745.37,791.35,9435,9386,49
2022-12-27 05:00:00,324.07,383.57,9410,9424,-14
2022-12-27 06:00:00,120.58,215.37,9518,9542,-24
2022-12-27 07:00:00,369.77,329.54,9728,9783,-55
2022-12-27 08:00:00,207.95,157.97,10026,10032,-6
2022-12-27 09:00:00,326.99,162.16,10283,10331,-48
2022-12-27 10:00:00,352.89,164.53,10401,10450,-49
2022-12-27 11:00:00,410.25,389.24,10548,10568,-20
2022-12-27 12:00:00,550.73,360.51,10614,10605,9
2022-12-27 13:00:00,355.03,198.39,10607,10614,-7
2022-12-27 14:00:00,108.37,103.88,10620,10646,-26
2022-12-27 15:00:00,86.98,94.04,10640,10696,-56
2022-12-27 16:00:00,105.54,96.82,10729,10747,-18
2022-12-27 17:00:00,102.67,94.92,10969,11007,-38
2022-12-27 18:00:00,116.97,105.94,11148,11186,-38
2022-12-27 19:00:00,82.85,138.28,11063,11039,24
2022-12-27 20:00:00,635.56,178.61,10940,10908,32
2022-12-27 21:00:00,270.66,329.84,10786,10769,17
2022-12-27 22:00:00,109.42,125.75,10628,10577,51
2022-12-27 23:00:00,101.63,108.69,10321,10365,-44
2022-12-28 00:00:00,90.71,134.74,10119,10119,0
2022-12-28 01:00:00,94.19,108.26,9964,9994,-30
2022-12-28 02:00:00,107.5,107.27,9864,9873,-9
2022-12-28 03:00:00,83.35,91.28,9812,9789,23
2022-12-28 04:00:00,108.46,114.1,9806,9784,22
2022-12-28 05:00:00,109.01,149.93,9788,9803,-15
2022-12-28 06:00:00,92.87,114.22,9880,9881,-1
2022-12-28 07:00:00,108.78,114.54,10081,10122,-41
2022-12-28 08:00:00,109.71,186.68,10389,10405,-16
2022-12-28 09:00:00,379.66,466.49,10597,10587,10
2022-12-28 10:00:00,466.95,572.61,10638,10638,0
2022-12-28 11:00:00,374.11,518.09,10735,10734,1
2022-12-28 12:00:00,414.94,512.41,10779,10771,8
2022-12-28 13:00:00,351.18,461.0,10781,10773,8
2022-12-28 14:00:00,316.34,327.98,10744,10716,28
2022-12-28 15:00:00,309.19,290.44,10723,10729,-6
2022-12-28 16:00:00,144.97,158.48,10798,10784,14
2022-12-28 17:00:00,578.41,529.05,11021,10984,37
2022-12-28 18:00:00,657.57,564.3,11176,11115,61
2022-12-28 19:00:00,308.43,249.25,11004,10967,37
2022-12-28 20:00:00,342.88,284.41,10844,10875,-31
2022-12-28 21:00:00,409.44,368.3,10775,10722,53
2022-12-28 22:00:00,688.62,484.04,10605,10516,89
2022-12-28 23:00:00,364.25,241.32,10288,10265,23
2022-12-29 00:00:00,107.26,108.58,10082,10109,-27
2022-12-29 01:00:00,256.25,217.63,9983,9927,56
2022-12-29 02:00:00,129.58,101.11,9817,9792,25
2022-12-29 03:00:00,86.9,88.69,9746,9742,4
2022-12-29 04:00:00,88.34,88.11,9727,9740,-13
2022-12-29 05:00:00,93.67,89.24,9749,9777,-28
2022-12-29 06:00:00,98.61,93.81,9888,9906,-18
2022-12-29 07:00:00,94.18,141.67,10051,10147,-96
2022-12-29 08:00:00,95.05,118.12,10414,10451,-37
2022-12-29 09:00:00,408.96,254.8,10671,10648,23
2022-12-29 10:00:00,88.21,89.41,10667,10741,-74
2022-12-29 11:00:00,90.89,89.22,10857,10834,23
2022-12-29 12:00:00,96.45,88.41,10885,10866,19
2022-12-29 13:00:00,86.72,86.31,10841,10801,40
2022-12-29 14:00:00,367.32,94.24,10784,10770,14
2022-12-29 15:00:00,350.77,306.9,10743,10818,-75
2022-12-29 16:00:00,189.09,288.42,10853,10809,44
2022-12-29 17:00:00,86.75,227.28,11005,11063,-58
2022-12-29 18:00:00,93.73,104.45,11227,11258,-31
2022-12-29 19:00:00,93.99,88.52,11148,11159,-11
2022-12-29 20:00:00,88.72,88.73,11066,11020,46
2022-12-29 21:00:00,90.24,88.88,10927,10886,41
2022-12-29 22:00:00,88.47,89.07,10726,10705,21
2022-12-29 23:00:00,84.25,87.09,10467,10461,6
2022-12-30 00:00:00,76.49,86.21,10241,10205,36
2022-12-30 01:00:00,71.58,71.43,10020,9978,42
2022-12-30 02:00:00,67.43,69.1,9876,9907,-31
2022-12-30 03:00:00,64.48,69.1,9833,9858,-25
2022-12-30 04:00:00,65.0,69.1,9831,9878,-47
2022-12-30 05:00:00,68.98,69.93,9897,9895,2
2022-12-30 06:00:00,69.59,74.87,9975,10017,-42
2022-12-30 07:00:00,72.95,81.05,10184,10255,-71
2022-12-30 08:00:00,75.35,81.67,10490,10542,-52
2022-12-30 09:00:00,83.3,87.87,10745,10696,49
2022-12-30 10:00:00,83.71,84.65,10738,10773,-35
2022-12-30 11:00:00,344.43,285.91,10854,10806,48
2022-12-30 12:00:00,90.35,323.67,10821,10836,-15
2022-12-30 13:00:00,511.34,482.58,10807,10739,68
2022-12-30 14:00:00,454.56,349.42,10721,10693,28
2022-12-30 15:00:00,62.16,77.51,10674,10714,-40
2022-12-30 16:00:00,79.01,80.14,10761,10781,-20
2022-12-30 17:00:00,81.93,80.01,11019,11052,-33
2022-12-30 18:00:00,82.33,80.13,11222,11258,-36
2022-12-30 19:00:00,75.44,80.0,11134,11083,51
2022-12-30 20:00:00,83.42,81.99,10954,10896,58
2022-12-30 21:00:00,137.4,85.15,10778,10756,22
2022-12-30 22:00:00,84.84,83.72,10633,10643,-10
2022-12-30 23:00:00,81.88,75.45,10474,10485,-11
2022-12-31 00:00:00,70.79,71.78,10264,10239,25
2022-12-31 01:00:00,60.03,58.89,10072,10091,-19
2022-12-31 02:00:00,61.5,61.02,9982,9962,20
2022-12-31 03:00:00,59.24,61.7,9877,9888,-11
2022-12-31 04:00:00,62.17,62.07,9864,9854,10
2022-12-31 05:00:00,62.19,63.76,9845,9822,23
2022-12-31 06:00:00,63.75,64.32,9866,9852,14
2022-12-31 07:00:00,65.18,65.37,9950,9963,-13
2022-12-31 08:00:00,90.64,65.07,10176,10124,52
2022-12-31 09:00:00,64.96,108.22,10324,10277,47
2022-12-31 10:00:00,479.47,164.54,10359,10356,3
2022-12-31 11:00:00,102.1,73.91,10419,10463,-44
2022-12-31 12:00:00,64.46,67.04,10535,10543,-8
2022-12-31 13:00:00,80.85,79.28,10542,10557,-15
2022-12-31 14:00:00,116.77,107.74,10538,10544,-6
2022-12-31 15:00:00,120.0,82.95,10520,10498,22
2022-12-31 16:00:00,214.26,191.63,10551,10501,50
2022-12-31 17:00:00,144.97,217.88,10738,10660,78
2022-12-31 18:00:00,381.56,285.83,10833,10820,13
2022-12-31 19:00:00,243.86,237.47,10700,10679,21
2022-12-31 20:00:00,72.29,111.21,10543,10579,-36
2022-12-31 21:00:00,63.62,64.86,10470,10440,30
2022-12-31 22:00:00,68.58,66.18,10340,10338,2
2022-12-31 23:00:00,94.78,72.46,10193,10156,37
2023-01-01 00:00:00,64.46,67.24,9975,9973,2
